,n=4,n=4,n=4,n=5,n=5,n=5,n=6,n=6,n=6,n=7,n=7,n=7,n=8,n=8,n=8,n=9,n=9,n=9,n=10,n=10,n=10,n=15,n=15,n=15,n=20,n=20,n=20
,zne=1,zne=3,zne=5,zne=1,zne=3,zne=5,zne=1,zne=3,zne=5,zne=1,zne=3,zne=5,zne=1,zne=3,zne=5,zne=1,zne=3,zne=5,zne=1,zne=3,zne=5,zne=1,zne=3,zne=5,zne=1,zne=3,zne=5
random pauli sets,,,,,,,,,,,,,,,,,,,,,,,,,,,
set 0,"{'00000': 5, '00001': 481, '11110': 14, '11111': 447}","{'00000': 7, '00001': 430, '11110': 6, '11111': 469}","{'00000': 11, '00001': 477, '11110': 16, '11111': 412}","{'000000': 14, '000001': 450, '111110': 14, '111111': 439}","{'000000': 12, '000001': 451, '111110': 12, '111111': 413}","{'000000': 14, '000001': 419, '111110': 18, '111111': 419}","{'0000000': 31, '0000001': 414, '1111110': 56, '1111111': 356}","{'0000000': 25, '0000001': 429, '1111110': 16, '1111111': 368}","{'0000000': 18, '0000001': 364, '1111110': 36, '1111111': 291}","{'00000000': 18, '00000001': 421, '11111110': 7, '11111111': 378}","{'00000000': 27, '00000001': 393, '11111110': 22, '11111111': 315}","{'00000000': 22, '00000001': 308, '11111110': 30, '11111111': 290}","{'000000000': 11, '000000001': 390, '111111110': 11, '111111111': 431}","{'000000000': 16, '000000001': 365, '111111110': 15, '111111111': 327}","{'000000000': 19, '000000001': 317, '111111110': 17, '111111111': 319}","{'0000000000': 22, '0000000001': 392, '1111111110': 18, '1111111111': 340}","{'0000000000': 11, '0000000001': 360, '1111111110': 20, '1111111111': 292}","{'0000000000': 21, '0000000001': 261, '1111111110': 14, '1111111111': 267}","{'00000000000': 14, '00000000001': 360, '11111111110': 10, '11111111111': 349}","{'00000000000': 22, '00000000001': 290, '11111111110': 34, '11111111111': 277}","{'00000000000': 20, '00000000001': 229, '11111111110': 24, '11111111111': 241}","{'0000000000000000': 29, '0000000000000001': 273, '1111111111111110': 16, '1111111111111111': 278}","{'0000000000000000': 20, '0000000000000001': 198, '1111111111111110': 19, '1111111111111111': 193}","{'0000000000000000': 23, '0000000000000001': 152, '1111111111111110': 28, '1111111111111111': 141}","{'000000000000000000000': 40, '000000000000000000001': 210, '111111111111111111110': 15, '111111111111111111111': 197}","{'000000000000000000000': 14, '000000000000000000001': 111, '111111111111111111110': 14, '111111111111111111111': 106}","{'000000000000000000000': 11, '000000000000000000001': 69, '111111111111111111110': 11, '111111111111111111111': 52}"
set 1,"{'00000': 16, '00001': 434, '11110': 11, '11111': 497}","{'00000': 7, '00001': 465, '11110': 10, '11111': 425}","{'00000': 20, '00001': 447, '11110': 23, '11111': 414}","{'000000': 13, '000001': 451, '111110': 10, '111111': 450}","{'000000': 13, '000001': 431, '111110': 26, '111111': 430}","{'000000': 22, '000001': 407, '111110': 9, '111111': 403}","{'0000000': 19, '0000001': 441, '1111110': 19, '1111111': 411}","{'0000000': 34, '0000001': 387, '1111110': 43, '1111111': 366}","{'0000000': 21, '0000001': 383, '1111110': 44, '1111111': 313}","{'00000000': 12, '00000001': 400, '11111110': 8, '11111111': 406}","{'00000000': 28, '00000001': 352, '11111110': 31, '11111111': 316}","{'00000000': 32, '00000001': 307, '11111110': 24, '11111111': 274}","{'000000000': 13, '000000001': 387, '111111110': 20, '111111111': 409}","{'000000000': 19, '000000001': 346, '111111110': 15, '111111111': 355}","{'000000000': 18, '000000001': 289, '111111110': 23, '111111111': 291}","{'0000000000': 32, '0000000001': 337, '1111111110': 21, '1111111111': 374}","{'0000000000': 17, '0000000001': 343, '1111111110': 18, '1111111111': 301}","{'0000000000': 27, '0000000001': 256, '1111111110': 30, '1111111111': 268}","{'00000000000': 33, '00000000001': 356, '11111111110': 16, '11111111111': 372}","{'00000000000': 28, '00000000001': 296, '11111111110': 61, '11111111111': 221}","{'00000000000': 40, '00000000001': 209, '11111111110': 87, '11111111111': 173}","{'0000000000000000': 19, '0000000000000001': 318, '1111111111111110': 19, '1111111111111111': 238}","{'0000000000000000': 26, '0000000000000001': 210, '1111111111111110': 26, '1111111111111111': 198}","{'0000000000000000': 26, '0000000000000001': 154, '1111111111111110': 15, '1111111111111111': 117}","{'000000000000000000000': 38, '000000000000000000001': 219, '111111111111111111110': 21, '111111111111111111111': 190}","{'000000000000000000000': 21, '000000000000000000001': 142, '111111111111111111110': 17, '111111111111111111111': 101}","{'000000000000000000000': 18, '000000000000000000001': 65, '111111111111111111110': 8, '111111111111111111111': 50}"
set 2,"{'00000': 9, '00001': 480, '11110': 5, '11111': 454}","{'00000': 12, '00001': 446, '11110': 12, '11111': 451}","{'00000': 17, '00001': 437, '11110': 24, '11111': 428}","{'000000': 10, '000001': 453, '111110': 13, '111111': 433}","{'000000': 9, '000001': 444, '111110': 9, '111111': 428}","{'000000': 16, '000001': 405, '111110': 19, '111111': 406}","{'0000000': 37, '0000001': 416, '1111110': 60, '1111111': 360}","{'0000000': 43, '0000001': 378, '1111110': 25, '1111111': 373}","{'0000000': 27, '0000001': 354, '1111110': 25, '1111111': 347}","{'00000000': 15, '00000001': 424, '11111110': 13, '11111111': 385}","{'00000000': 25, '00000001': 308, '11111110': 10, '11111111': 348}","{'00000000': 34, '00000001': 306, '11111110': 29, '11111111': 259}","{'000000000': 7, '000000001': 406, '111111110': 15, '111111111': 400}","{'000000000': 16, '000000001': 338, '111111110': 8, '111111111': 337}","{'000000000': 25, '000000001': 335, '111111110': 22, '111111111': 247}","{'0000000000': 30, '0000000001': 369, '1111111110': 29, '1111111111': 310}","{'0000000000': 18, '0000000001': 321, '1111111110': 19, '1111111111': 323}","{'0000000000': 43, '0000000001': 273, '1111111110': 22, '1111111111': 275}","{'00000000000': 18, '00000000001': 336, '11111111110': 30, '11111111111': 338}","{'00000000000': 18, '00000000001': 290, '11111111110': 20, '11111111111': 305}","{'00000000000': 38, '00000000001': 243, '11111111110': 50, '11111111111': 197}","{'0000000000000000': 22, '0000000000000001': 289, '1111111111111110': 26, '1111111111111111': 274}","{'0000000000000000': 20, '0000000000000001': 153, '1111111111111110': 15, '1111111111111111': 164}","{'0000000000000000': 20, '0000000000000001': 127, '1111111111111110': 18, '1111111111111111': 143}","{'000000000000000000000': 30, '000000000000000000001': 182, '111111111111111111110': 22, '111111111111111111111': 198}","{'000000000000000000000': 24, '000000000000000000001': 115, '111111111111111111110': 17, '111111111111111111111': 127}","{'000000000000000000000': 13, '000000000000000000001': 57, '111111111111111111110': 20, '111111111111111111111': 59}"
set 3,"{'00000': 4, '00001': 484, '11110': 9, '11111': 453}","{'00000': 15, '00001': 445, '11110': 5, '11111': 461}","{'00000': 11, '00001': 434, '11110': 11, '11111': 436}","{'000000': 14, '000001': 450, '111110': 10, '111111': 441}","{'000000': 14, '000001': 450, '111110': 10, '111111': 409}","{'000000': 17, '000001': 425, '111110': 20, '111111': 375}","{'0000000': 28, '0000001': 461, '1111110': 21, '1111111': 388}","{'0000000': 25, '0000001': 388, '1111110': 31, '1111111': 386}","{'0000000': 17, '0000001': 381, '1111110': 29, '1111111': 355}","{'00000000': 11, '00000001': 417, '11111110': 13, '11111111': 380}","{'00000000': 21, '00000001': 342, '11111110': 13, '11111111': 339}","{'00000000': 53, '00000001': 271, '11111110': 39, '11111111': 243}","{'000000000': 10, '000000001': 415, '111111110': 23, '111111111': 378}","{'000000000': 26, '000000001': 372, '111111110': 29, '111111111': 311}","{'000000000': 24, '000000001': 306, '111111110': 32, '111111111': 322}","{'0000000000': 36, '0000000001': 355, '1111111110': 32, '1111111111': 327}","{'0000000000': 10, '0000000001': 311, '1111111110': 18, '1111111111': 292}","{'0000000000': 16, '0000000001': 280, '1111111110': 23, '1111111111': 256}","{'00000000000': 16, '00000000001': 365, '11111111110': 12, '11111111111': 355}","{'00000000000': 17, '00000000001': 294, '11111111110': 16, '11111111111': 279}","{'00000000000': 45, '00000000001': 270, '11111111110': 51, '11111111111': 231}","{'0000000000000000': 13, '0000000000000001': 307, '1111111111111110': 18, '1111111111111111': 245}","{'0000000000000000': 31, '0000000000000001': 196, '1111111111111110': 23, '1111111111111111': 213}","{'0000000000000000': 11, '0000000000000001': 188, '1111111111111110': 19, '1111111111111111': 139}","{'000000000000000000000': 29, '000000000000000000001': 198, '111111111111111111110': 19, '111111111111111111111': 181}","{'000000000000000000000': 22, '000000000000000000001': 111, '111111111111111111110': 19, '111111111111111111111': 93}","{'000000000000000000000': 9, '000000000000000000001': 59, '111111111111111111110': 9, '111111111111111111111': 56}"
set 4,"{'00000': 17, '00001': 463, '11110': 12, '11111': 459}","{'00000': 10, '00001': 481, '11110': 11, '11111': 414}","{'00000': 17, '00001': 432, '11110': 14, '11111': 442}","{'000000': 9, '000001': 462, '111110': 8, '111111': 442}","{'000000': 9, '000001': 436, '111110': 16, '111111': 407}","{'000000': 21, '000001': 435, '111110': 16, '111111': 394}","{'0000000': 35, '0000001': 423, '1111110': 26, '1111111': 393}","{'0000000': 24, '0000001': 382, '1111110': 26, '1111111': 416}","{'0000000': 69, '0000001': 340, '1111110': 33, '1111111': 342}","{'00000000': 10, '00000001': 405, '11111110': 13, '11111111': 377}","{'00000000': 26, '00000001': 368, '11111110': 9, '11111111': 331}","{'00000000': 35, '00000001': 298, '11111110': 20, '11111111': 298}","{'000000000': 12, '000000001': 423, '111111110': 25, '111111111': 373}","{'000000000': 12, '000000001': 358, '111111110': 16, '111111111': 355}","{'000000000': 43, '000000001': 290, '111111110': 16, '111111111': 296}","{'0000000000': 36, '0000000001': 353, '1111111110': 33, '1111111111': 328}","{'0000000000': 42, '0000000001': 320, '1111111110': 27, '1111111111': 284}","{'0000000000': 23, '0000000001': 259, '1111111110': 57, '1111111111': 238}","{'00000000000': 5, '00000000001': 376, '11111111110': 12, '11111111111': 344}","{'00000000000': 25, '00000000001': 276, '11111111110': 25, '11111111111': 272}","{'00000000000': 30, '00000000001': 223, '11111111110': 23, '11111111111': 212}","{'0000000000000000': 12, '0000000000000001': 288, '1111111111111110': 23, '1111111111111111': 253}","{'0000000000000000': 18, '0000000000000001': 198, '1111111111111110': 17, '1111111111111111': 179}","{'0000000000000000': 28, '0000000000000001': 137, '1111111111111110': 26, '1111111111111111': 132}","{'000000000000000000000': 19, '000000000000000000001': 219, '111111111111111111110': 16, '111111111111111111111': 157}","{'000000000000000000000': 27, '000000000000000000001': 116, '111111111111111111110': 14, '111111111111111111111': 95}","{'000000000000000000000': 13, '000000000000000000001': 46, '111111111111111111110': 14, '111111111111111111111': 40}"
set 5,"{'00000': 7, '00001': 451, '11110': 7, '11111': 466}","{'00000': 10, '00001': 467, '11110': 9, '11111': 405}","{'00000': 14, '00001': 458, '11110': 17, '11111': 385}","{'000000': 10, '000001': 430, '111110': 11, '111111': 468}","{'000000': 14, '000001': 469, '111110': 9, '111111': 415}","{'000000': 27, '000001': 422, '111110': 26, '111111': 375}","{'0000000': 18, '0000001': 438, '1111110': 39, '1111111': 390}","{'0000000': 29, '0000001': 402, '1111110': 41, '1111111': 381}","{'0000000': 54, '0000001': 365, '1111110': 35, '1111111': 321}","{'00000000': 21, '00000001': 409, '11111110': 6, '11111111': 396}","{'00000000': 25, '00000001': 350, '11111110': 16, '11111111': 310}","{'00000000': 26, '00000001': 302, '11111110': 30, '11111111': 319}","{'000000000': 6, '000000001': 407, '111111110': 20, '111111111': 398}","{'000000000': 9, '000000001': 366, '111111110': 17, '111111111': 339}","{'000000000': 23, '000000001': 303, '111111110': 16, '111111111': 308}","{'0000000000': 18, '0000000001': 387, '1111111110': 21, '1111111111': 375}","{'0000000000': 20, '0000000001': 280, '1111111110': 35, '1111111111': 280}","{'0000000000': 26, '0000000001': 275, '1111111110': 18, '1111111111': 300}","{'00000000000': 20, '00000000001': 383, '11111111110': 13, '11111111111': 339}","{'00000000000': 30, '00000000001': 249, '11111111110': 57, '11111111111': 246}","{'00000000000': 20, '00000000001': 250, '11111111110': 24, '11111111111': 247}","{'0000000000000000': 24, '0000000000000001': 292, '1111111111111110': 22, '1111111111111111': 244}","{'0000000000000000': 19, '0000000000000001': 216, '1111111111111110': 22, '1111111111111111': 190}","{'0000000000000000': 37, '0000000000000001': 137, '1111111111111110': 22, '1111111111111111': 120}","{'000000000000000000000': 18, '000000000000000000001': 201, '111111111111111111110': 16, '111111111111111111111': 182}","{'000000000000000000000': 19, '000000000000000000001': 116, '111111111111111111110': 18, '111111111111111111111': 98}","{'000000000000000000000': 10, '000000000000000000001': 57, '111111111111111111110': 14, '111111111111111111111': 46}"
set 6,"{'00000': 14, '00001': 480, '11110': 13, '11111': 433}","{'00000': 8, '00001': 461, '11110': 8, '11111': 432}","{'00000': 7, '00001': 429, '11110': 15, '11111': 451}","{'000000': 11, '000001': 457, '111110': 16, '111111': 438}","{'000000': 16, '000001': 455, '111110': 12, '111111': 402}","{'000000': 33, '000001': 410, '111110': 14, '111111': 381}","{'0000000': 20, '0000001': 413, '1111110': 28, '1111111': 412}","{'0000000': 11, '0000001': 382, '1111110': 25, '1111111': 417}","{'0000000': 34, '0000001': 390, '1111110': 28, '1111111': 333}","{'00000000': 17, '00000001': 431, '11111110': 10, '11111111': 376}","{'00000000': 28, '00000001': 342, '11111110': 26, '11111111': 314}","{'00000000': 31, '00000001': 318, '11111110': 21, '11111111': 329}","{'000000000': 13, '000000001': 429, '111111110': 20, '111111111': 367}","{'000000000': 22, '000000001': 364, '111111110': 22, '111111111': 333}","{'000000000': 21, '000000001': 286, '111111110': 19, '111111111': 304}","{'0000000000': 15, '0000000001': 414, '1111111110': 10, '1111111111': 369}","{'0000000000': 17, '0000000001': 297, '1111111110': 15, '1111111111': 274}","{'0000000000': 30, '0000000001': 295, '1111111110': 26, '1111111111': 266}","{'00000000000': 20, '00000000001': 400, '11111111110': 24, '11111111111': 334}","{'00000000000': 30, '00000000001': 276, '11111111110': 33, '11111111111': 263}","{'00000000000': 28, '00000000001': 206, '11111111110': 21, '11111111111': 221}","{'0000000000000000': 15, '0000000000000001': 305, '1111111111111110': 21, '1111111111111111': 286}","{'0000000000000000': 30, '0000000000000001': 189, '1111111111111110': 21, '1111111111111111': 204}","{'0000000000000000': 25, '0000000000000001': 116, '1111111111111110': 25, '1111111111111111': 120}","{'000000000000000000000': 21, '000000000000000000001': 206, '111111111111111111110': 20, '111111111111111111111': 181}","{'000000000000000000000': 16, '000000000000000000001': 133, '111111111111111111110': 21, '111111111111111111111': 89}","{'000000000000000000000': 14, '000000000000000000001': 60, '111111111111111111110': 11, '111111111111111111111': 43}"
set 7,"{'00000': 8, '00001': 492, '11110': 10, '11111': 434}","{'00000': 16, '00001': 448, '11110': 17, '11111': 442}","{'00000': 20, '00001': 433, '11110': 11, '11111': 417}","{'000000': 7, '000001': 477, '111110': 9, '111111': 432}","{'000000': 22, '000001': 417, '111110': 13, '111111': 443}","{'000000': 27, '000001': 424, '111110': 20, '111111': 390}","{'0000000': 22, '0000001': 421, '1111110': 24, '1111111': 428}","{'0000000': 22, '0000001': 395, '1111110': 15, '1111111': 381}","{'0000000': 20, '0000001': 380, '1111110': 13, '1111111': 341}","{'00000000': 13, '00000001': 433, '11111110': 9, '11111111': 373}","{'00000000': 24, '00000001': 334, '11111110': 14, '11111111': 343}","{'00000000': 15, '00000001': 324, '11111110': 14, '11111111': 311}","{'000000000': 19, '000000001': 427, '111111110': 12, '111111111': 368}","{'000000000': 17, '000000001': 347, '111111110': 21, '111111111': 331}","{'000000000': 15, '000000001': 300, '111111110': 23, '111111111': 316}","{'0000000000': 24, '0000000001': 365, '1111111110': 16, '1111111111': 397}","{'0000000000': 22, '0000000001': 320, '1111111110': 18, '1111111111': 338}","{'0000000000': 23, '0000000001': 265, '1111111110': 21, '1111111111': 266}","{'00000000000': 22, '00000000001': 380, '11111111110': 21, '11111111111': 362}","{'00000000000': 19, '00000000001': 271, '11111111110': 33, '11111111111': 250}","{'00000000000': 25, '00000000001': 256, '11111111110': 45, '11111111111': 196}","{'0000000000000000': 22, '0000000000000001': 292, '1111111111111110': 21, '1111111111111111': 284}","{'0000000000000000': 25, '0000000000000001': 214, '1111111111111110': 22, '1111111111111111': 174}","{'0000000000000000': 27, '0000000000000001': 79, '1111111111111110': 39, '1111111111111111': 97}","{'000000000000000000000': 27, '000000000000000000001': 215, '111111111111111111110': 19, '111111111111111111111': 203}","{'000000000000000000000': 17, '000000000000000000001': 113, '111111111111111111110': 12, '111111111111111111111': 103}","{'000000000000000000000': 9, '000000000000000000001': 72, '111111111111111111110': 19, '111111111111111111111': 60}"
set 8,"{'00000': 8, '00001': 478, '11110': 4, '11111': 468}","{'00000': 12, '00001': 429, '11110': 10, '11111': 465}","{'00000': 11, '00001': 413, '11110': 19, '11111': 454}","{'000000': 17, '000001': 467, '111110': 15, '111111': 419}","{'000000': 20, '000001': 437, '111110': 13, '111111': 414}","{'000000': 20, '000001': 425, '111110': 11, '111111': 408}","{'0000000': 19, '0000001': 447, '1111110': 13, '1111111': 425}","{'0000000': 19, '0000001': 387, '1111110': 22, '1111111': 365}","{'0000000': 74, '0000001': 307, '1111110': 33, '1111111': 360}","{'00000000': 14, '00000001': 406, '11111110': 11, '11111111': 411}","{'00000000': 38, '00000001': 322, '11111110': 31, '11111111': 352}","{'00000000': 35, '00000001': 328, '11111110': 25, '11111111': 276}","{'000000000': 10, '000000001': 414, '111111110': 12, '111111111': 390}","{'000000000': 8, '000000001': 340, '111111110': 12, '111111111': 362}","{'000000000': 15, '000000001': 303, '111111110': 24, '111111111': 300}","{'0000000000': 27, '0000000001': 384, '1111111110': 23, '1111111111': 353}","{'0000000000': 20, '0000000001': 316, '1111111110': 24, '1111111111': 304}","{'0000000000': 29, '0000000001': 253, '1111111110': 30, '1111111111': 247}","{'00000000000': 12, '00000000001': 374, '11111111110': 16, '11111111111': 379}","{'00000000000': 18, '00000000001': 300, '11111111110': 14, '11111111111': 270}","{'00000000000': 40, '00000000001': 196, '11111111110': 27, '11111111111': 195}","{'0000000000000000': 18, '0000000000000001': 295, '1111111111111110': 12, '1111111111111111': 273}","{'0000000000000000': 27, '0000000000000001': 230, '1111111111111110': 22, '1111111111111111': 182}","{'0000000000000000': 37, '0000000000000001': 123, '1111111111111110': 28, '1111111111111111': 129}","{'000000000000000000000': 25, '000000000000000000001': 216, '111111111111111111110': 13, '111111111111111111111': 176}","{'000000000000000000000': 19, '000000000000000000001': 106, '111111111111111111110': 18, '111111111111111111111': 87}","{'000000000000000000000': 13, '000000000000000000001': 40, '111111111111111111110': 10, '111111111111111111111': 33}"
set 9,"{'00000': 10, '00001': 473, '11110': 12, '11111': 453}","{'00000': 8, '00001': 442, '11110': 19, '11111': 428}","{'00000': 21, '00001': 429, '11110': 10, '11111': 437}","{'000000': 9, '000001': 440, '111110': 11, '111111': 470}","{'000000': 11, '000001': 394, '111110': 15, '111111': 463}","{'000000': 33, '000001': 409, '111110': 28, '111111': 397}","{'0000000': 18, '0000001': 427, '1111110': 26, '1111111': 420}","{'0000000': 10, '0000001': 407, '1111110': 13, '1111111': 388}","{'0000000': 42, '0000001': 370, '1111110': 19, '1111111': 316}","{'00000000': 18, '00000001': 374, '11111110': 7, '11111111': 385}","{'00000000': 25, '00000001': 396, '11111110': 18, '11111111': 329}","{'00000000': 23, '00000001': 282, '11111110': 37, '11111111': 295}","{'000000000': 18, '000000001': 380, '111111110': 12, '111111111': 408}","{'000000000': 23, '000000001': 361, '111111110': 26, '111111111': 324}","{'000000000': 28, '000000001': 308, '111111110': 26, '111111111': 291}","{'0000000000': 19, '0000000001': 372, '1111111110': 28, '1111111111': 350}","{'0000000000': 18, '0000000001': 348, '1111111110': 15, '1111111111': 303}","{'0000000000': 29, '0000000001': 246, '1111111110': 23, '1111111111': 247}","{'00000000000': 14, '00000000001': 382, '11111111110': 12, '11111111111': 348}","{'00000000000': 21, '00000000001': 311, '11111111110': 15, '11111111111': 236}","{'00000000000': 35, '00000000001': 223, '11111111110': 55, '11111111111': 213}","{'0000000000000000': 14, '0000000000000001': 293, '1111111111111110': 26, '1111111111111111': 267}","{'0000000000000000': 22, '0000000000000001': 202, '1111111111111110': 18, '1111111111111111': 182}","{'0000000000000000': 21, '0000000000000001': 129, '1111111111111110': 29, '1111111111111111': 104}","{'000000000000000000000': 21, '000000000000000000001': 214, '111111111111111111110': 13, '111111111111111111111': 180}","{'000000000000000000000': 10, '000000000000000000001': 93, '111111111111111111110': 20, '111111111111111111111': 80}","{'000000000000000000000': 14, '000000000000000000001': 47, '111111111111111111110': 9, '111111111111111111111': 40}"
set 10,"{'00000': 11, '00001': 481, '11110': 6, '11111': 443}","{'00000': 14, '00001': 444, '11110': 8, '11111': 452}","{'00000': 15, '00001': 450, '11110': 22, '11111': 405}","{'000000': 7, '000001': 458, '111110': 9, '111111': 452}","{'000000': 18, '000001': 447, '111110': 16, '111111': 412}","{'000000': 22, '000001': 418, '111110': 15, '111111': 384}","{'0000000': 33, '0000001': 413, '1111110': 15, '1111111': 418}","{'0000000': 14, '0000001': 421, '1111110': 12, '1111111': 401}","{'0000000': 29, '0000001': 388, '1111110': 30, '1111111': 358}","{'00000000': 16, '00000001': 377, '11111110': 14, '11111111': 402}","{'00000000': 22, '00000001': 352, '11111110': 13, '11111111': 329}","{'00000000': 18, '00000001': 328, '11111110': 25, '11111111': 332}","{'000000000': 14, '000000001': 400, '111111110': 17, '111111111': 390}","{'000000000': 17, '000000001': 355, '111111110': 18, '111111111': 356}","{'000000000': 24, '000000001': 291, '111111110': 19, '111111111': 315}","{'0000000000': 23, '0000000001': 398, '1111111110': 27, '1111111111': 323}","{'0000000000': 21, '0000000001': 316, '1111111110': 34, '1111111111': 277}","{'0000000000': 38, '0000000001': 257, '1111111110': 22, '1111111111': 279}","{'00000000000': 21, '00000000001': 364, '11111111110': 18, '11111111111': 338}","{'00000000000': 14, '00000000001': 282, '11111111110': 32, '11111111111': 270}","{'00000000000': 28, '00000000001': 226, '11111111110': 28, '11111111111': 181}","{'0000000000000000': 19, '0000000000000001': 319, '1111111111111110': 17, '1111111111111111': 274}","{'0000000000000000': 21, '0000000000000001': 220, '1111111111111110': 19, '1111111111111111': 200}","{'0000000000000000': 25, '0000000000000001': 128, '1111111111111110': 20, '1111111111111111': 113}","{'000000000000000000000': 15, '000000000000000000001': 183, '111111111111111111110': 22, '111111111111111111111': 195}","{'000000000000000000000': 20, '000000000000000000001': 93, '111111111111111111110': 10, '111111111111111111111': 90}","{'000000000000000000000': 5, '000000000000000000001': 59, '111111111111111111110': 7, '111111111111111111111': 51}"
set 11,"{'00000': 13, '00001': 440, '11110': 17, '11111': 445}","{'00000': 19, '00001': 421, '11110': 18, '11111': 460}","{'00000': 11, '00001': 443, '11110': 21, '11111': 423}","{'000000': 17, '000001': 453, '111110': 12, '111111': 438}","{'000000': 14, '000001': 436, '111110': 18, '111111': 422}","{'000000': 28, '000001': 419, '111110': 15, '111111': 394}","{'0000000': 18, '0000001': 432, '1111110': 10, '1111111': 394}","{'0000000': 27, '0000001': 372, '1111110': 18, '1111111': 372}","{'0000000': 24, '0000001': 344, '1111110': 18, '1111111': 384}","{'00000000': 24, '00000001': 391, '11111110': 10, '11111111': 395}","{'00000000': 23, '00000001': 365, '11111110': 17, '11111111': 323}","{'00000000': 18, '00000001': 318, '11111110': 31, '11111111': 318}","{'000000000': 4, '000000001': 416, '111111110': 13, '111111111': 396}","{'000000000': 19, '000000001': 364, '111111110': 11, '111111111': 338}","{'000000000': 17, '000000001': 298, '111111110': 19, '111111111': 338}","{'0000000000': 12, '0000000001': 383, '1111111110': 20, '1111111111': 381}","{'0000000000': 34, '0000000001': 303, '1111111110': 42, '1111111111': 276}","{'0000000000': 15, '0000000001': 253, '1111111110': 25, '1111111111': 252}","{'00000000000': 16, '00000000001': 360, '11111111110': 14, '11111111111': 370}","{'00000000000': 19, '00000000001': 322, '11111111110': 20, '11111111111': 298}","{'00000000000': 73, '00000000001': 216, '11111111110': 32, '11111111111': 204}","{'0000000000000000': 36, '0000000000000001': 287, '1111111111111110': 25, '1111111111111111': 249}","{'0000000000000000': 19, '0000000000000001': 214, '1111111111111110': 15, '1111111111111111': 145}","{'0000000000000000': 38, '0000000000000001': 138, '1111111111111110': 28, '1111111111111111': 116}","{'000000000000000000000': 24, '000000000000000000001': 183, '111111111111111111110': 17, '111111111111111111111': 183}","{'000000000000000000000': 15, '000000000000000000001': 120, '111111111111111111110': 14, '111111111111111111111': 100}","{'000000000000000000000': 15, '000000000000000000001': 61, '111111111111111111110': 13, '111111111111111111111': 45}"
set 12,"{'00000': 5, '00001': 486, '11110': 10, '11111': 447}","{'00000': 7, '00001': 459, '11110': 15, '11111': 441}","{'00000': 9, '00001': 426, '11110': 16, '11111': 433}","{'000000': 8, '000001': 451, '111110': 16, '111111': 434}","{'000000': 12, '000001': 457, '111110': 20, '111111': 396}","{'000000': 19, '000001': 427, '111110': 23, '111111': 391}","{'0000000': 18, '0000001': 453, '1111110': 7, '1111111': 406}","{'0000000': 32, '0000001': 395, '1111110': 31, '1111111': 377}","{'0000000': 43, '0000001': 328, '1111110': 31, '1111111': 377}","{'00000000': 11, '00000001': 407, '11111110': 6, '11111111': 401}","{'00000000': 20, '00000001': 343, '11111110': 19, '11111111': 354}","{'00000000': 30, '00000001': 313, '11111110': 31, '11111111': 285}","{'000000000': 10, '000000001': 417, '111111110': 10, '111111111': 362}","{'000000000': 28, '000000001': 357, '111111110': 12, '111111111': 339}","{'000000000': 20, '000000001': 312, '111111110': 14, '111111111': 277}","{'0000000000': 11, '0000000001': 387, '1111111110': 14, '1111111111': 392}","{'0000000000': 11, '0000000001': 304, '1111111110': 32, '1111111111': 300}","{'0000000000': 29, '0000000001': 285, '1111111110': 25, '1111111111': 282}","{'00000000000': 12, '00000000001': 425, '11111111110': 9, '11111111111': 321}","{'00000000000': 21, '00000000001': 290, '11111111110': 21, '11111111111': 241}","{'00000000000': 21, '00000000001': 259, '11111111110': 13, '11111111111': 225}","{'0000000000000000': 16, '0000000000000001': 280, '1111111111111110': 17, '1111111111111111': 276}","{'0000000000000000': 13, '0000000000000001': 227, '1111111111111110': 13, '1111111111111111': 186}","{'0000000000000000': 15, '0000000000000001': 138, '1111111111111110': 10, '1111111111111111': 62}","{'000000000000000000000': 33, '000000000000000000001': 199, '111111111111111111110': 22, '111111111111111111111': 175}","{'000000000000000000000': 23, '000000000000000000001': 128, '111111111111111111110': 10, '111111111111111111111': 97}","{'000000000000000000000': 17, '000000000000000000001': 57, '111111111111111111110': 11, '111111111111111111111': 64}"
set 13,"{'00000': 7, '00001': 449, '11110': 13, '11111': 464}","{'00000': 9, '00001': 460, '11110': 13, '11111': 425}","{'00000': 19, '00001': 454, '11110': 15, '11111': 409}","{'000000': 8, '000001': 452, '111110': 11, '111111': 457}","{'000000': 18, '000001': 440, '111110': 16, '111111': 430}","{'000000': 12, '000001': 437, '111110': 20, '111111': 379}","{'0000000': 23, '0000001': 408, '1111110': 15, '1111111': 429}","{'0000000': 34, '0000001': 397, '1111110': 42, '1111111': 365}","{'0000000': 27, '0000001': 382, '1111110': 56, '1111111': 313}","{'00000000': 8, '00000001': 453, '11111110': 6, '11111111': 365}","{'00000000': 18, '00000001': 361, '11111110': 9, '11111111': 365}","{'00000000': 33, '00000001': 322, '11111110': 23, '11111111': 315}","{'000000000': 10, '000000001': 403, '111111110': 15, '111111111': 377}","{'000000000': 27, '000000001': 367, '111111110': 36, '111111111': 279}","{'000000000': 24, '000000001': 318, '111111110': 22, '111111111': 285}","{'0000000000': 17, '0000000001': 381, '1111111110': 11, '1111111111': 384}","{'0000000000': 12, '0000000001': 333, '1111111110': 16, '1111111111': 308}","{'0000000000': 21, '0000000001': 298, '1111111110': 24, '1111111111': 253}","{'00000000000': 15, '00000000001': 362, '11111111110': 10, '11111111111': 361}","{'00000000000': 28, '00000000001': 308, '11111111110': 15, '11111111111': 257}","{'00000000000': 109, '00000000001': 192, '11111111110': 96, '11111111111': 140}","{'0000000000000000': 27, '0000000000000001': 301, '1111111111111110': 22, '1111111111111111': 285}","{'0000000000000000': 21, '0000000000000001': 229, '1111111111111110': 16, '1111111111111111': 182}","{'0000000000000000': 31, '0000000000000001': 117, '1111111111111110': 21, '1111111111111111': 110}","{'000000000000000000000': 12, '000000000000000000001': 197, '111111111111111111110': 15, '111111111111111111111': 171}","{'000000000000000000000': 9, '000000000000000000001': 105, '111111111111111111110': 19, '111111111111111111111': 103}","{'000000000000000000000': 6, '000000000000000000001': 67, '111111111111111111110': 11, '111111111111111111111': 46}"
set 14,"{'00000': 16, '00001': 491, '11110': 14, '11111': 429}","{'00000': 21, '00001': 470, '11110': 11, '11111': 414}","{'00000': 22, '00001': 427, '11110': 14, '11111': 438}","{'000000': 16, '000001': 448, '111110': 7, '111111': 451}","{'000000': 21, '000001': 427, '111110': 16, '111111': 435}","{'000000': 23, '000001': 420, '111110': 26, '111111': 389}","{'0000000': 17, '0000001': 400, '1111110': 35, '1111111': 413}","{'0000000': 19, '0000001': 400, '1111110': 20, '1111111': 370}","{'0000000': 18, '0000001': 360, '1111110': 21, '1111111': 369}","{'00000000': 12, '00000001': 405, '11111110': 19, '11111111': 378}","{'00000000': 28, '00000001': 362, '11111110': 23, '11111111': 351}","{'00000000': 22, '00000001': 325, '11111110': 22, '11111111': 297}","{'000000000': 7, '000000001': 378, '111111110': 10, '111111111': 409}","{'000000000': 17, '000000001': 350, '111111110': 25, '111111111': 347}","{'000000000': 21, '000000001': 299, '111111110': 27, '111111111': 289}","{'0000000000': 21, '0000000001': 393, '1111111110': 16, '1111111111': 381}","{'0000000000': 21, '0000000001': 325, '1111111110': 20, '1111111111': 303}","{'0000000000': 27, '0000000001': 245, '1111111110': 25, '1111111111': 271}","{'00000000000': 26, '00000000001': 378, '11111111110': 15, '11111111111': 342}","{'00000000000': 15, '00000000001': 297, '11111111110': 18, '11111111111': 244}","{'00000000000': 27, '00000000001': 243, '11111111110': 20, '11111111111': 232}","{'0000000000000000': 29, '0000000000000001': 293, '1111111111111110': 23, '1111111111111111': 257}","{'0000000000000000': 14, '0000000000000001': 193, '1111111111111110': 16, '1111111111111111': 168}","{'0000000000000000': 18, '0000000000000001': 138, '1111111111111110': 20, '1111111111111111': 126}","{'000000000000000000000': 24, '000000000000000000001': 204, '111111111111111111110': 19, '111111111111111111111': 173}","{'000000000000000000000': 17, '000000000000000000001': 111, '111111111111111111110': 17, '111111111111111111111': 99}","{'000000000000000000000': 12, '000000000000000000001': 63, '111111111111111111110': 12, '111111111111111111111': 37}"
set 15,"{'00000': 12, '00001': 459, '11110': 6, '11111': 467}","{'00000': 7, '00001': 457, '11110': 14, '11111': 444}","{'00000': 20, '00001': 432, '11110': 20, '11111': 417}","{'000000': 16, '000001': 431, '111110': 9, '111111': 461}","{'000000': 15, '000001': 420, '111110': 8, '111111': 445}","{'000000': 17, '000001': 400, '111110': 17, '111111': 430}","{'0000000': 20, '0000001': 444, '1111110': 24, '1111111': 402}","{'0000000': 35, '0000001': 384, '1111110': 18, '1111111': 412}","{'0000000': 42, '0000001': 352, '1111110': 19, '1111111': 362}","{'00000000': 13, '00000001': 405, '11111110': 27, '11111111': 360}","{'00000000': 15, '00000001': 377, '11111110': 22, '11111111': 349}","{'00000000': 19, '00000001': 302, '11111110': 25, '11111111': 272}","{'000000000': 19, '000000001': 410, '111111110': 11, '111111111': 374}","{'000000000': 15, '000000001': 342, '111111110': 13, '111111111': 353}","{'000000000': 18, '000000001': 316, '111111110': 32, '111111111': 297}","{'0000000000': 20, '0000000001': 380, '1111111110': 18, '1111111111': 397}","{'0000000000': 24, '0000000001': 352, '1111111110': 40, '1111111111': 287}","{'0000000000': 16, '0000000001': 264, '1111111110': 19, '1111111111': 273}","{'00000000000': 15, '00000000001': 391, '11111111110': 15, '11111111111': 367}","{'00000000000': 24, '00000000001': 263, '11111111110': 16, '11111111111': 256}","{'00000000000': 18, '00000000001': 246, '11111111110': 82, '11111111111': 174}","{'0000000000000000': 17, '0000000000000001': 277, '1111111111111110': 23, '1111111111111111': 267}","{'0000000000000000': 33, '0000000000000001': 169, '1111111111111110': 12, '1111111111111111': 191}","{'0000000000000000': 25, '0000000000000001': 150, '1111111111111110': 18, '1111111111111111': 101}","{'000000000000000000000': 26, '000000000000000000001': 206, '111111111111111111110': 13, '111111111111111111111': 197}","{'000000000000000000000': 25, '000000000000000000001': 107, '111111111111111111110': 20, '111111111111111111111': 99}","{'000000000000000000000': 17, '000000000000000000001': 55, '111111111111111111110': 6, '111111111111111111111': 51}"
set 16,"{'00000': 7, '00001': 475, '11110': 6, '11111': 458}","{'00000': 9, '00001': 456, '11110': 14, '11111': 440}","{'00000': 20, '00001': 440, '11110': 11, '11111': 417}","{'000000': 12, '000001': 466, '111110': 11, '111111': 440}","{'000000': 10, '000001': 462, '111110': 17, '111111': 409}","{'000000': 22, '000001': 433, '111110': 17, '111111': 389}","{'0000000': 40, '0000001': 419, '1111110': 15, '1111111': 396}","{'0000000': 46, '0000001': 375, '1111110': 16, '1111111': 341}","{'0000000': 32, '0000001': 384, '1111110': 14, '1111111': 373}","{'00000000': 24, '00000001': 416, '11111110': 15, '11111111': 371}","{'00000000': 17, '00000001': 349, '11111110': 26, '11111111': 354}","{'00000000': 20, '00000001': 300, '11111110': 27, '11111111': 308}","{'000000000': 13, '000000001': 421, '111111110': 12, '111111111': 377}","{'000000000': 17, '000000001': 323, '111111110': 8, '111111111': 356}","{'000000000': 26, '000000001': 322, '111111110': 16, '111111111': 291}","{'0000000000': 10, '0000000001': 410, '1111111110': 13, '1111111111': 357}","{'0000000000': 23, '0000000001': 323, '1111111110': 36, '1111111111': 273}","{'0000000000': 15, '0000000001': 286, '1111111110': 24, '1111111111': 281}","{'00000000000': 21, '00000000001': 399, '11111111110': 13, '11111111111': 348}","{'00000000000': 49, '00000000001': 248, '11111111110': 44, '11111111111': 239}","{'00000000000': 24, '00000000001': 185, '11111111110': 19, '11111111111': 207}","{'0000000000000000': 27, '0000000000000001': 300, '1111111111111110': 15, '1111111111111111': 260}","{'0000000000000000': 27, '0000000000000001': 194, '1111111111111110': 15, '1111111111111111': 175}","{'0000000000000000': 19, '0000000000000001': 149, '1111111111111110': 21, '1111111111111111': 99}","{'000000000000000000000': 17, '000000000000000000001': 196, '111111111111111111110': 20, '111111111111111111111': 181}","{'000000000000000000000': 15, '000000000000000000001': 117, '111111111111111111110': 10, '111111111111111111111': 95}","{'000000000000000000000': 21, '000000000000000000001': 46, '111111111111111111110': 16, '111111111111111111111': 51}"
set 17,"{'00000': 7, '00001': 445, '11110': 9, '11111': 478}","{'00000': 9, '00001': 460, '11110': 14, '11111': 436}","{'00000': 10, '00001': 391, '11110': 12, '11111': 452}","{'000000': 13, '000001': 448, '111110': 8, '111111': 445}","{'000000': 7, '000001': 463, '111110': 13, '111111': 395}","{'000000': 14, '000001': 402, '111110': 17, '111111': 415}","{'0000000': 29, '0000001': 402, '1111110': 24, '1111111': 419}","{'0000000': 19, '0000001': 409, '1111110': 18, '1111111': 382}","{'0000000': 19, '0000001': 386, '1111110': 66, '1111111': 320}","{'00000000': 17, '00000001': 400, '11111110': 14, '11111111': 403}","{'00000000': 16, '00000001': 358, '11111110': 25, '11111111': 343}","{'00000000': 27, '00000001': 303, '11111110': 45, '11111111': 275}","{'000000000': 8, '000000001': 403, '111111110': 13, '111111111': 402}","{'000000000': 16, '000000001': 383, '111111110': 16, '111111111': 337}","{'000000000': 27, '000000001': 311, '111111110': 20, '111111111': 291}","{'0000000000': 19, '0000000001': 369, '1111111110': 25, '1111111111': 379}","{'0000000000': 34, '0000000001': 269, '1111111110': 39, '1111111111': 299}","{'0000000000': 31, '0000000001': 255, '1111111110': 14, '1111111111': 271}","{'00000000000': 19, '00000000001': 360, '11111111110': 18, '11111111111': 350}","{'00000000000': 16, '00000000001': 303, '11111111110': 16, '11111111111': 299}","{'00000000000': 17, '00000000001': 242, '11111111110': 57, '11111111111': 198}","{'0000000000000000': 23, '0000000000000001': 298, '1111111111111110': 16, '1111111111111111': 269}","{'0000000000000000': 29, '0000000000000001': 176, '1111111111111110': 16, '1111111111111111': 183}","{'0000000000000000': 20, '0000000000000001': 135, '1111111111111110': 26, '1111111111111111': 132}","{'000000000000000000000': 26, '000000000000000000001': 230, '111111111111111111110': 23, '111111111111111111111': 179}","{'000000000000000000000': 22, '000000000000000000001': 101, '111111111111111111110': 21, '111111111111111111111': 82}","{'000000000000000000000': 8, '000000000000000000001': 59, '111111111111111111110': 10, '111111111111111111111': 38}"
set 18,"{'00000': 9, '00001': 464, '11110': 4, '11111': 475}","{'00000': 4, '00001': 439, '11110': 9, '11111': 457}","{'00000': 17, '00001': 432, '11110': 15, '11111': 430}","{'000000': 8, '000001': 461, '111110': 13, '111111': 430}","{'000000': 20, '000001': 423, '111110': 13, '111111': 424}","{'000000': 18, '000001': 443, '111110': 19, '111111': 384}","{'0000000': 22, '0000001': 434, '1111110': 14, '1111111': 424}","{'0000000': 66, '0000001': 345, '1111110': 23, '1111111': 389}","{'0000000': 16, '0000001': 377, '1111110': 35, '1111111': 358}","{'00000000': 21, '00000001': 420, '11111110': 6, '11111111': 369}","{'00000000': 14, '00000001': 378, '11111110': 13, '11111111': 341}","{'00000000': 20, '00000001': 360, '11111110': 28, '11111111': 299}","{'000000000': 16, '000000001': 416, '111111110': 14, '111111111': 390}","{'000000000': 17, '000000001': 353, '111111110': 15, '111111111': 338}","{'000000000': 30, '000000001': 309, '111111110': 27, '111111111': 304}","{'0000000000': 26, '0000000001': 339, '1111111110': 33, '1111111111': 365}","{'0000000000': 20, '0000000001': 328, '1111111110': 20, '1111111111': 283}","{'0000000000': 27, '0000000001': 262, '1111111110': 58, '1111111111': 233}","{'00000000000': 28, '00000000001': 372, '11111111110': 19, '11111111111': 327}","{'00000000000': 18, '00000000001': 284, '11111111110': 29, '11111111111': 314}","{'00000000000': 19, '00000000001': 194, '11111111110': 17, '11111111111': 191}","{'0000000000000000': 21, '0000000000000001': 272, '1111111111111110': 28, '1111111111111111': 281}","{'0000000000000000': 12, '0000000000000001': 190, '1111111111111110': 14, '1111111111111111': 197}","{'0000000000000000': 17, '0000000000000001': 150, '1111111111111110': 15, '1111111111111111': 130}","{'000000000000000000000': 22, '000000000000000000001': 207, '111111111111111111110': 18, '111111111111111111111': 176}","{'000000000000000000000': 23, '000000000000000000001': 131, '111111111111111111110': 23, '111111111111111111111': 102}","{'000000000000000000000': 18, '000000000000000000001': 59, '111111111111111111110': 8, '111111111111111111111': 53}"
set 19,"{'00000': 9, '00001': 468, '11110': 15, '11111': 472}","{'00000': 15, '00001': 454, '11110': 14, '11111': 454}","{'00000': 22, '00001': 447, '11110': 26, '11111': 423}","{'000000': 12, '000001': 470, '111110': 16, '111111': 422}","{'000000': 7, '000001': 408, '111110': 15, '111111': 449}","{'000000': 20, '000001': 451, '111110': 15, '111111': 386}","{'0000000': 22, '0000001': 426, '1111110': 16, '1111111': 415}","{'0000000': 32, '0000001': 393, '1111110': 18, '1111111': 379}","{'0000000': 36, '0000001': 358, '1111110': 20, '1111111': 340}","{'00000000': 9, '00000001': 397, '11111110': 19, '11111111': 391}","{'00000000': 22, '00000001': 352, '11111110': 20, '11111111': 374}","{'00000000': 20, '00000001': 320, '11111110': 37, '11111111': 290}","{'000000000': 13, '000000001': 410, '111111110': 15, '111111111': 381}","{'000000000': 24, '000000001': 332, '111111110': 16, '111111111': 343}","{'000000000': 30, '000000001': 313, '111111110': 25, '111111111': 303}","{'0000000000': 33, '0000000001': 373, '1111111110': 24, '1111111111': 369}","{'0000000000': 18, '0000000001': 363, '1111111110': 33, '1111111111': 260}","{'0000000000': 19, '0000000001': 291, '1111111110': 37, '1111111111': 260}","{'00000000000': 25, '00000000001': 338, '11111111110': 20, '11111111111': 355}","{'00000000000': 19, '00000000001': 257, '11111111110': 12, '11111111111': 304}","{'00000000000': 45, '00000000001': 252, '11111111110': 41, '11111111111': 191}","{'0000000000000000': 17, '0000000000000001': 317, '1111111111111110': 9, '1111111111111111': 259}","{'0000000000000000': 22, '0000000000000001': 227, '1111111111111110': 21, '1111111111111111': 170}","{'0000000000000000': 18, '0000000000000001': 108, '1111111111111110': 29, '1111111111111111': 127}","{'000000000000000000000': 24, '000000000000000000001': 208, '111111111111111111110': 19, '111111111111111111111': 181}","{'000000000000000000000': 21, '000000000000000000001': 106, '111111111111111111110': 11, '111111111111111111111': 84}","{'000000000000000000000': 13, '000000000000000000001': 70, '111111111111111111110': 12, '111111111111111111111': 47}"
set 20,"{'00000': 13, '00001': 489, '11110': 11, '11111': 443}","{'00000': 8, '00001': 448, '11110': 8, '11111': 439}","{'00000': 19, '00001': 442, '11110': 11, '11111': 424}","{'000000': 10, '000001': 460, '111110': 12, '111111': 429}","{'000000': 17, '000001': 439, '111110': 13, '111111': 414}","{'000000': 16, '000001': 389, '111110': 20, '111111': 398}","{'0000000': 15, '0000001': 392, '1111110': 16, '1111111': 432}","{'0000000': 24, '0000001': 374, '1111110': 23, '1111111': 380}","{'0000000': 16, '0000001': 371, '1111110': 17, '1111111': 364}","{'00000000': 14, '00000001': 427, '11111110': 18, '11111111': 380}","{'00000000': 22, '00000001': 354, '11111110': 21, '11111111': 330}","{'00000000': 29, '00000001': 285, '11111110': 23, '11111111': 323}","{'000000000': 11, '000000001': 417, '111111110': 18, '111111111': 376}","{'000000000': 12, '000000001': 346, '111111110': 15, '111111111': 327}","{'000000000': 17, '000000001': 316, '111111110': 14, '111111111': 314}","{'0000000000': 11, '0000000001': 407, '1111111110': 22, '1111111111': 357}","{'0000000000': 30, '0000000001': 341, '1111111110': 31, '1111111111': 295}","{'0000000000': 23, '0000000001': 274, '1111111110': 32, '1111111111': 279}","{'00000000000': 20, '00000000001': 379, '11111111110': 24, '11111111111': 345}","{'00000000000': 10, '00000000001': 310, '11111111110': 31, '11111111111': 256}","{'00000000000': 37, '00000000001': 271, '11111111110': 31, '11111111111': 240}","{'0000000000000000': 18, '0000000000000001': 293, '1111111111111110': 26, '1111111111111111': 272}","{'0000000000000000': 20, '0000000000000001': 236, '1111111111111110': 17, '1111111111111111': 174}","{'0000000000000000': 20, '0000000000000001': 147, '1111111111111110': 20, '1111111111111111': 125}","{'000000000000000000000': 32, '000000000000000000001': 221, '111111111111111111110': 17, '111111111111111111111': 212}","{'000000000000000000000': 22, '000000000000000000001': 97, '111111111111111111110': 21, '111111111111111111111': 113}","{'000000000000000000000': 7, '000000000000000000001': 68, '111111111111111111110': 9, '111111111111111111111': 62}"
set 21,"{'00000': 7, '00001': 466, '11110': 12, '11111': 453}","{'00000': 10, '00001': 460, '11110': 12, '11111': 446}","{'00000': 25, '00001': 440, '11110': 21, '11111': 426}","{'000000': 4, '000001': 453, '111110': 11, '111111': 456}","{'000000': 11, '000001': 433, '111110': 13, '111111': 424}","{'000000': 23, '000001': 392, '111110': 24, '111111': 413}","{'0000000': 26, '0000001': 430, '1111110': 18, '1111111': 376}","{'0000000': 29, '0000001': 390, '1111110': 14, '1111111': 415}","{'0000000': 37, '0000001': 339, '1111110': 28, '1111111': 362}","{'00000000': 17, '00000001': 403, '11111110': 11, '11111111': 411}","{'00000000': 15, '00000001': 367, '11111110': 19, '11111111': 321}","{'00000000': 46, '00000001': 272, '11111110': 37, '11111111': 270}","{'000000000': 17, '000000001': 395, '111111110': 12, '111111111': 398}","{'000000000': 24, '000000001': 345, '111111110': 15, '111111111': 328}","{'000000000': 33, '000000001': 322, '111111110': 24, '111111111': 262}","{'0000000000': 26, '0000000001': 400, '1111111110': 13, '1111111111': 354}","{'0000000000': 15, '0000000001': 311, '1111111110': 21, '1111111111': 315}","{'0000000000': 25, '0000000001': 309, '1111111110': 17, '1111111111': 259}","{'00000000000': 16, '00000000001': 386, '11111111110': 11, '11111111111': 363}","{'00000000000': 14, '00000000001': 297, '11111111110': 38, '11111111111': 276}","{'00000000000': 27, '00000000001': 238, '11111111110': 18, '11111111111': 218}","{'0000000000000000': 26, '0000000000000001': 299, '1111111111111110': 17, '1111111111111111': 278}","{'0000000000000000': 24, '0000000000000001': 188, '1111111111111110': 13, '1111111111111111': 193}","{'0000000000000000': 35, '0000000000000001': 135, '1111111111111110': 22, '1111111111111111': 116}","{'000000000000000000000': 17, '000000000000000000001': 228, '111111111111111111110': 21, '111111111111111111111': 189}","{'000000000000000000000': 15, '000000000000000000001': 97, '111111111111111111110': 18, '111111111111111111111': 78}","{'000000000000000000000': 13, '000000000000000000001': 54, '111111111111111111110': 16, '111111111111111111111': 54}"
set 22,"{'00000': 9, '00001': 453, '11110': 10, '11111': 481}","{'00000': 10, '00001': 444, '11110': 8, '11111': 442}","{'00000': 21, '00001': 444, '11110': 20, '11111': 404}","{'000000': 7, '000001': 422, '111110': 13, '111111': 460}","{'000000': 22, '000001': 445, '111110': 14, '111111': 411}","{'000000': 23, '000001': 442, '111110': 13, '111111': 390}","{'0000000': 18, '0000001': 416, '1111110': 20, '1111111': 428}","{'0000000': 31, '0000001': 366, '1111110': 28, '1111111': 394}","{'0000000': 24, '0000001': 371, '1111110': 15, '1111111': 343}","{'00000000': 11, '00000001': 454, '11111110': 15, '11111111': 347}","{'00000000': 22, '00000001': 320, '11111110': 22, '11111111': 368}","{'00000000': 47, '00000001': 294, '11111110': 35, '11111111': 259}","{'000000000': 15, '000000001': 408, '111111110': 11, '111111111': 400}","{'000000000': 22, '000000001': 349, '111111110': 20, '111111111': 329}","{'000000000': 21, '000000001': 291, '111111110': 22, '111111111': 298}","{'0000000000': 11, '0000000001': 416, '1111111110': 17, '1111111111': 371}","{'0000000000': 14, '0000000001': 335, '1111111110': 19, '1111111111': 317}","{'0000000000': 28, '0000000001': 292, '1111111110': 22, '1111111111': 277}","{'00000000000': 11, '00000000001': 370, '11111111110': 27, '11111111111': 333}","{'00000000000': 22, '00000000001': 277, '11111111110': 26, '11111111111': 268}","{'00000000000': 26, '00000000001': 230, '11111111110': 25, '11111111111': 224}","{'0000000000000000': 17, '0000000000000001': 314, '1111111111111110': 16, '1111111111111111': 282}","{'0000000000000000': 27, '0000000000000001': 210, '1111111111111110': 30, '1111111111111111': 197}","{'0000000000000000': 25, '0000000000000001': 131, '1111111111111110': 8, '1111111111111111': 124}","{'000000000000000000000': 33, '000000000000000000001': 212, '111111111111111111110': 19, '111111111111111111111': 191}","{'000000000000000000000': 22, '000000000000000000001': 116, '111111111111111111110': 15, '111111111111111111111': 108}","{'000000000000000000000': 7, '000000000000000000001': 58, '111111111111111111110': 14, '111111111111111111111': 49}"
set 23,"{'00000': 13, '00001': 475, '11110': 10, '11111': 454}","{'00000': 9, '00001': 448, '11110': 13, '11111': 443}","{'00000': 20, '00001': 456, '11110': 21, '11111': 399}","{'000000': 11, '000001': 441, '111110': 10, '111111': 444}","{'000000': 13, '000001': 440, '111110': 18, '111111': 428}","{'000000': 24, '000001': 415, '111110': 20, '111111': 408}","{'0000000': 21, '0000001': 430, '1111110': 13, '1111111': 413}","{'0000000': 44, '0000001': 372, '1111110': 23, '1111111': 369}","{'0000000': 59, '0000001': 299, '1111110': 29, '1111111': 354}","{'00000000': 9, '00000001': 408, '11111110': 16, '11111111': 382}","{'00000000': 20, '00000001': 344, '11111110': 22, '11111111': 312}","{'00000000': 29, '00000001': 354, '11111110': 29, '11111111': 306}","{'000000000': 16, '000000001': 375, '111111110': 13, '111111111': 415}","{'000000000': 13, '000000001': 338, '111111110': 16, '111111111': 352}","{'000000000': 17, '000000001': 342, '111111110': 30, '111111111': 279}","{'0000000000': 18, '0000000001': 388, '1111111110': 14, '1111111111': 369}","{'0000000000': 12, '0000000001': 307, '1111111110': 11, '1111111111': 334}","{'0000000000': 45, '0000000001': 260, '1111111110': 52, '1111111111': 252}","{'00000000000': 24, '00000000001': 330, '11111111110': 10, '11111111111': 357}","{'00000000000': 20, '00000000001': 304, '11111111110': 35, '11111111111': 227}","{'00000000000': 16, '00000000001': 237, '11111111110': 15, '11111111111': 206}","{'0000000000000000': 24, '0000000000000001': 304, '1111111111111110': 24, '1111111111111111': 242}","{'0000000000000000': 25, '0000000000000001': 189, '1111111111111110': 17, '1111111111111111': 157}","{'0000000000000000': 30, '0000000000000001': 112, '1111111111111110': 15, '1111111111111111': 86}","{'000000000000000000000': 33, '000000000000000000001': 207, '111111111111111111110': 21, '111111111111111111111': 203}","{'000000000000000000000': 23, '000000000000000000001': 110, '111111111111111111110': 14, '111111111111111111111': 99}","{'000000000000000000000': 18, '000000000000000000001': 56, '111111111111111111110': 9, '111111111111111111111': 50}"
set 24,"{'00000': 13, '00001': 442, '11110': 5, '11111': 495}","{'00000': 9, '00001': 435, '11110': 9, '11111': 441}","{'00000': 11, '00001': 419, '11110': 28, '11111': 422}","{'000000': 7, '000001': 441, '111110': 11, '111111': 447}","{'000000': 9, '000001': 447, '111110': 11, '111111': 425}","{'000000': 19, '000001': 414, '111110': 17, '111111': 431}","{'0000000': 10, '0000001': 416, '1111110': 12, '1111111': 443}","{'0000000': 46, '0000001': 402, '1111110': 44, '1111111': 345}","{'0000000': 32, '0000001': 361, '1111110': 45, '1111111': 337}","{'00000000': 15, '00000001': 412, '11111110': 15, '11111111': 406}","{'00000000': 14, '00000001': 373, '11111110': 21, '11111111': 367}","{'00000000': 19, '00000001': 336, '11111110': 46, '11111111': 313}","{'000000000': 18, '000000001': 429, '111111110': 13, '111111111': 393}","{'000000000': 20, '000000001': 360, '111111110': 18, '111111111': 348}","{'000000000': 14, '000000001': 313, '111111110': 27, '111111111': 284}","{'0000000000': 13, '0000000001': 407, '1111111110': 9, '1111111111': 365}","{'0000000000': 21, '0000000001': 321, '1111111110': 19, '1111111111': 299}","{'0000000000': 40, '0000000001': 279, '1111111110': 35, '1111111111': 258}","{'00000000000': 25, '00000000001': 364, '11111111110': 13, '11111111111': 337}","{'00000000000': 24, '00000000001': 314, '11111111110': 25, '11111111111': 253}","{'00000000000': 31, '00000000001': 230, '11111111110': 42, '11111111111': 197}","{'0000000000000000': 17, '0000000000000001': 278, '1111111111111110': 18, '1111111111111111': 271}","{'0000000000000000': 26, '0000000000000001': 190, '1111111111111110': 14, '1111111111111111': 173}","{'0000000000000000': 25, '0000000000000001': 137, '1111111111111110': 22, '1111111111111111': 126}","{'000000000000000000000': 25, '000000000000000000001': 187, '111111111111111111110': 20, '111111111111111111111': 169}","{'000000000000000000000': 23, '000000000000000000001': 128, '111111111111111111110': 15, '111111111111111111111': 130}","{'000000000000000000000': 9, '000000000000000000001': 57, '111111111111111111110': 10, '111111111111111111111': 49}"
set 25,"{'00000': 12, '00001': 439, '11110': 16, '11111': 482}","{'00000': 16, '00001': 416, '11110': 11, '11111': 450}","{'00000': 10, '00001': 427, '11110': 21, '11111': 452}","{'000000': 12, '000001': 443, '111110': 11, '111111': 452}","{'000000': 10, '000001': 446, '111110': 10, '111111': 422}","{'000000': 21, '000001': 429, '111110': 20, '111111': 391}","{'0000000': 13, '0000001': 453, '1111110': 15, '1111111': 404}","{'0000000': 22, '0000001': 388, '1111110': 24, '1111111': 384}","{'0000000': 21, '0000001': 371, '1111110': 48, '1111111': 350}","{'00000000': 21, '00000001': 389, '11111110': 17, '11111111': 382}","{'00000000': 17, '00000001': 344, '11111110': 24, '11111111': 352}","{'00000000': 19, '00000001': 335, '11111110': 12, '11111111': 299}","{'000000000': 11, '000000001': 397, '111111110': 18, '111111111': 374}","{'000000000': 16, '000000001': 346, '111111110': 22, '111111111': 332}","{'000000000': 34, '000000001': 328, '111111110': 17, '111111111': 287}","{'0000000000': 39, '0000000001': 383, '1111111110': 26, '1111111111': 297}","{'0000000000': 22, '0000000001': 324, '1111111110': 11, '1111111111': 314}","{'0000000000': 24, '0000000001': 293, '1111111110': 17, '1111111111': 275}","{'00000000000': 15, '00000000001': 378, '11111111110': 29, '11111111111': 337}","{'00000000000': 51, '00000000001': 230, '11111111110': 37, '11111111111': 279}","{'00000000000': 34, '00000000001': 200, '11111111110': 28, '11111111111': 225}","{'0000000000000000': 29, '0000000000000001': 257, '1111111111111110': 23, '1111111111111111': 248}","{'0000000000000000': 28, '0000000000000001': 174, '1111111111111110': 22, '1111111111111111': 174}","{'0000000000000000': 16, '0000000000000001': 160, '1111111111111110': 8, '1111111111111111': 146}","{'000000000000000000000': 24, '000000000000000000001': 228, '111111111111111111110': 20, '111111111111111111111': 177}","{'000000000000000000000': 13, '000000000000000000001': 107, '111111111111111111110': 16, '111111111111111111111': 112}","{'000000000000000000000': 17, '000000000000000000001': 55, '111111111111111111110': 13, '111111111111111111111': 36}"
set 26,"{'00000': 9, '00001': 470, '11110': 8, '11111': 460}","{'00000': 12, '00001': 437, '11110': 10, '11111': 437}","{'00000': 15, '00001': 421, '11110': 11, '11111': 443}","{'000000': 7, '000001': 455, '111110': 8, '111111': 453}","{'000000': 14, '000001': 447, '111110': 12, '111111': 406}","{'000000': 17, '000001': 425, '111110': 23, '111111': 401}","{'0000000': 18, '0000001': 440, '1111110': 21, '1111111': 424}","{'0000000': 21, '0000001': 411, '1111110': 23, '1111111': 377}","{'0000000': 22, '0000001': 367, '1111110': 31, '1111111': 346}","{'00000000': 10, '00000001': 403, '11111110': 12, '11111111': 408}","{'00000000': 20, '00000001': 345, '11111110': 12, '11111111': 325}","{'00000000': 35, '00000001': 339, '11111110': 17, '11111111': 319}","{'000000000': 10, '000000001': 392, '111111110': 23, '111111111': 379}","{'000000000': 18, '000000001': 347, '111111110': 15, '111111111': 351}","{'000000000': 10, '000000001': 351, '111111110': 18, '111111111': 282}","{'0000000000': 19, '0000000001': 401, '1111111110': 14, '1111111111': 336}","{'0000000000': 8, '0000000001': 353, '1111111110': 23, '1111111111': 287}","{'0000000000': 25, '0000000001': 279, '1111111110': 23, '1111111111': 259}","{'00000000000': 24, '00000000001': 368, '11111111110': 14, '11111111111': 334}","{'00000000000': 13, '00000000001': 312, '11111111110': 16, '11111111111': 262}","{'00000000000': 33, '00000000001': 190, '11111111110': 82, '11111111111': 200}","{'0000000000000000': 15, '0000000000000001': 256, '1111111111111110': 22, '1111111111111111': 267}","{'0000000000000000': 24, '0000000000000001': 158, '1111111111111110': 20, '1111111111111111': 155}","{'0000000000000000': 27, '0000000000000001': 140, '1111111111111110': 11, '1111111111111111': 135}","{'000000000000000000000': 31, '000000000000000000001': 203, '111111111111111111110': 19, '111111111111111111111': 182}","{'000000000000000000000': 27, '000000000000000000001': 107, '111111111111111111110': 16, '111111111111111111111': 110}","{'000000000000000000000': 15, '000000000000000000001': 73, '111111111111111111110': 11, '111111111111111111111': 45}"
set 27,"{'00000': 8, '00001': 468, '11110': 11, '11111': 459}","{'00000': 8, '00001': 467, '11110': 9, '11111': 449}","{'00000': 15, '00001': 409, '11110': 21, '11111': 458}","{'000000': 11, '000001': 464, '111110': 13, '111111': 436}","{'000000': 6, '000001': 440, '111110': 6, '111111': 443}","{'000000': 32, '000001': 440, '111110': 22, '111111': 375}","{'0000000': 22, '0000001': 420, '1111110': 22, '1111111': 401}","{'0000000': 22, '0000001': 381, '1111110': 22, '1111111': 418}","{'0000000': 26, '0000001': 357, '1111110': 54, '1111111': 298}","{'00000000': 15, '00000001': 412, '11111110': 10, '11111111': 394}","{'00000000': 21, '00000001': 348, '11111110': 24, '11111111': 365}","{'00000000': 20, '00000001': 334, '11111110': 18, '11111111': 336}","{'000000000': 11, '000000001': 425, '111111110': 14, '111111111': 372}","{'000000000': 35, '000000001': 337, '111111110': 20, '111111111': 340}","{'000000000': 23, '000000001': 284, '111111110': 28, '111111111': 309}","{'0000000000': 24, '0000000001': 366, '1111111110': 12, '1111111111': 361}","{'0000000000': 29, '0000000001': 303, '1111111110': 46, '1111111111': 299}","{'0000000000': 48, '0000000001': 265, '1111111110': 30, '1111111111': 278}","{'00000000000': 22, '00000000001': 374, '11111111110': 8, '11111111111': 342}","{'00000000000': 25, '00000000001': 284, '11111111110': 21, '11111111111': 286}","{'00000000000': 21, '00000000001': 222, '11111111110': 34, '11111111111': 229}","{'0000000000000000': 14, '0000000000000001': 291, '1111111111111110': 11, '1111111111111111': 244}","{'0000000000000000': 20, '0000000000000001': 221, '1111111111111110': 26, '1111111111111111': 175}","{'0000000000000000': 26, '0000000000000001': 125, '1111111111111110': 29, '1111111111111111': 143}","{'000000000000000000000': 20, '000000000000000000001': 216, '111111111111111111110': 32, '111111111111111111111': 177}","{'000000000000000000000': 17, '000000000000000000001': 105, '111111111111111111110': 19, '111111111111111111111': 88}","{'000000000000000000000': 16, '000000000000000000001': 61, '111111111111111111110': 6, '111111111111111111111': 65}"
set 28,"{'00000': 9, '00001': 477, '11110': 17, '11111': 447}","{'00000': 17, '00001': 441, '11110': 12, '11111': 451}","{'00000': 9, '00001': 441, '11110': 18, '11111': 446}","{'000000': 8, '000001': 460, '111110': 12, '111111': 454}","{'000000': 10, '000001': 435, '111110': 13, '111111': 415}","{'000000': 20, '000001': 402, '111110': 31, '111111': 419}","{'0000000': 34, '0000001': 397, '1111110': 15, '1111111': 408}","{'0000000': 22, '0000001': 380, '1111110': 26, '1111111': 408}","{'0000000': 46, '0000001': 340, '1111110': 25, '1111111': 343}","{'00000000': 15, '00000001': 421, '11111110': 18, '11111111': 370}","{'00000000': 23, '00000001': 359, '11111110': 12, '11111111': 326}","{'00000000': 18, '00000001': 341, '11111110': 35, '11111111': 319}","{'000000000': 13, '000000001': 403, '111111110': 12, '111111111': 382}","{'000000000': 15, '000000001': 351, '111111110': 19, '111111111': 319}","{'000000000': 22, '000000001': 322, '111111110': 19, '111111111': 305}","{'0000000000': 15, '0000000001': 398, '1111111110': 9, '1111111111': 347}","{'0000000000': 28, '0000000001': 319, '1111111110': 19, '1111111111': 320}","{'0000000000': 23, '0000000001': 281, '1111111110': 55, '1111111111': 247}","{'00000000000': 17, '00000000001': 407, '11111111110': 21, '11111111111': 354}","{'00000000000': 19, '00000000001': 317, '11111111110': 19, '11111111111': 270}","{'00000000000': 40, '00000000001': 228, '11111111110': 36, '11111111111': 213}","{'0000000000000000': 15, '0000000000000001': 280, '1111111111111110': 20, '1111111111111111': 229}","{'0000000000000000': 23, '0000000000000001': 188, '1111111111111110': 18, '1111111111111111': 179}","{'0000000000000000': 13, '0000000000000001': 125, '1111111111111110': 22, '1111111111111111': 146}","{'000000000000000000000': 23, '000000000000000000001': 200, '111111111111111111110': 22, '111111111111111111111': 196}","{'000000000000000000000': 19, '000000000000000000001': 134, '111111111111111111110': 26, '111111111111111111111': 107}","{'000000000000000000000': 15, '000000000000000000001': 72, '111111111111111111110': 9, '111111111111111111111': 49}"
set 29,"{'00000': 9, '00001': 486, '11110': 14, '11111': 431}","{'00000': 11, '00001': 472, '11110': 20, '11111': 427}","{'00000': 13, '00001': 425, '11110': 16, '11111': 458}","{'000000': 8, '000001': 495, '111110': 11, '111111': 414}","{'000000': 14, '000001': 462, '111110': 19, '111111': 381}","{'000000': 15, '000001': 437, '111110': 17, '111111': 394}","{'0000000': 24, '0000001': 433, '1111110': 12, '1111111': 411}","{'0000000': 28, '0000001': 360, '1111110': 23, '1111111': 380}","{'0000000': 25, '0000001': 375, '1111110': 30, '1111111': 342}","{'00000000': 9, '00000001': 457, '11111110': 12, '11111111': 346}","{'00000000': 25, '00000001': 367, '11111110': 18, '11111111': 352}","{'00000000': 24, '00000001': 318, '11111110': 29, '11111111': 316}","{'000000000': 20, '000000001': 391, '111111110': 19, '111111111': 395}","{'000000000': 19, '000000001': 368, '111111110': 18, '111111111': 325}","{'000000000': 19, '000000001': 311, '111111110': 25, '111111111': 278}","{'0000000000': 21, '0000000001': 373, '1111111110': 24, '1111111111': 368}","{'0000000000': 15, '0000000001': 327, '1111111110': 11, '1111111111': 324}","{'0000000000': 32, '0000000001': 265, '1111111110': 17, '1111111111': 275}","{'00000000000': 15, '00000000001': 401, '11111111110': 18, '11111111111': 340}","{'00000000000': 34, '00000000001': 252, '11111111110': 27, '11111111111': 268}","{'00000000000': 32, '00000000001': 229, '11111111110': 31, '11111111111': 243}","{'0000000000000000': 23, '0000000000000001': 292, '1111111111111110': 17, '1111111111111111': 274}","{'0000000000000000': 23, '0000000000000001': 201, '1111111111111110': 27, '1111111111111111': 176}","{'0000000000000000': 23, '0000000000000001': 139, '1111111111111110': 23, '1111111111111111': 122}","{'000000000000000000000': 14, '000000000000000000001': 204, '111111111111111111110': 22, '111111111111111111111': 176}","{'000000000000000000000': 30, '000000000000000000001': 105, '111111111111111111110': 18, '111111111111111111111': 93}","{'000000000000000000000': 15, '000000000000000000001': 64, '111111111111111111110': 17, '111111111111111111111': 62}"
set 30,"{'00000': 7, '00001': 460, '11110': 16, '11111': 475}","{'00000': 20, '00001': 430, '11110': 13, '11111': 451}","{'00000': 13, '00001': 445, '11110': 16, '11111': 415}","{'000000': 10, '000001': 451, '111110': 18, '111111': 450}","{'000000': 16, '000001': 438, '111110': 12, '111111': 408}","{'000000': 29, '000001': 421, '111110': 18, '111111': 406}","{'0000000': 15, '0000001': 422, '1111110': 25, '1111111': 416}","{'0000000': 29, '0000001': 389, '1111110': 19, '1111111': 384}","{'0000000': 58, '0000001': 339, '1111110': 18, '1111111': 346}","{'00000000': 22, '00000001': 413, '11111110': 11, '11111111': 389}","{'00000000': 28, '00000001': 356, '11111110': 24, '11111111': 331}","{'00000000': 35, '00000001': 324, '11111110': 32, '11111111': 295}","{'000000000': 12, '000000001': 397, '111111110': 12, '111111111': 391}","{'000000000': 28, '000000001': 343, '111111110': 14, '111111111': 320}","{'000000000': 25, '000000001': 295, '111111110': 12, '111111111': 281}","{'0000000000': 16, '0000000001': 382, '1111111110': 11, '1111111111': 374}","{'0000000000': 18, '0000000001': 289, '1111111110': 25, '1111111111': 331}","{'0000000000': 22, '0000000001': 287, '1111111110': 22, '1111111111': 265}","{'00000000000': 15, '00000000001': 367, '11111111110': 17, '11111111111': 366}","{'00000000000': 23, '00000000001': 273, '11111111110': 22, '11111111111': 323}","{'00000000000': 31, '00000000001': 229, '11111111110': 23, '11111111111': 189}","{'0000000000000000': 21, '0000000000000001': 270, '1111111111111110': 19, '1111111111111111': 291}","{'0000000000000000': 24, '0000000000000001': 177, '1111111111111110': 25, '1111111111111111': 195}","{'0000000000000000': 14, '0000000000000001': 113, '1111111111111110': 15, '1111111111111111': 68}","{'000000000000000000000': 23, '000000000000000000001': 196, '111111111111111111110': 21, '111111111111111111111': 201}","{'000000000000000000000': 11, '000000000000000000001': 112, '111111111111111111110': 18, '111111111111111111111': 103}","{'000000000000000000000': 14, '000000000000000000001': 38, '111111111111111111110': 11, '111111111111111111111': 42}"
set 31,"{'00000': 9, '00001': 467, '11110': 12, '11111': 454}","{'00000': 11, '00001': 457, '11110': 17, '11111': 432}","{'00000': 10, '00001': 454, '11110': 18, '11111': 432}","{'000000': 13, '000001': 478, '111110': 17, '111111': 428}","{'000000': 10, '000001': 441, '111110': 6, '111111': 435}","{'000000': 15, '000001': 419, '111110': 22, '111111': 394}","{'0000000': 33, '0000001': 410, '1111110': 24, '1111111': 404}","{'0000000': 22, '0000001': 401, '1111110': 22, '1111111': 383}","{'0000000': 31, '0000001': 351, '1111110': 52, '1111111': 320}","{'00000000': 12, '00000001': 419, '11111110': 11, '11111111': 384}","{'00000000': 16, '00000001': 360, '11111110': 32, '11111111': 352}","{'00000000': 27, '00000001': 329, '11111110': 28, '11111111': 319}","{'000000000': 11, '000000001': 392, '111111110': 9, '111111111': 386}","{'000000000': 15, '000000001': 361, '111111110': 17, '111111111': 362}","{'000000000': 28, '000000001': 303, '111111110': 30, '111111111': 302}","{'0000000000': 19, '0000000001': 408, '1111111110': 27, '1111111111': 357}","{'0000000000': 13, '0000000001': 321, '1111111110': 15, '1111111111': 285}","{'0000000000': 20, '0000000001': 281, '1111111110': 24, '1111111111': 224}","{'00000000000': 14, '00000000001': 380, '11111111110': 20, '11111111111': 342}","{'00000000000': 39, '00000000001': 273, '11111111110': 28, '11111111111': 285}","{'00000000000': 27, '00000000001': 220, '11111111110': 34, '11111111111': 235}","{'0000000000000000': 19, '0000000000000001': 290, '1111111111111110': 17, '1111111111111111': 290}","{'0000000000000000': 27, '0000000000000001': 188, '1111111111111110': 12, '1111111111111111': 156}","{'0000000000000000': 21, '0000000000000001': 119, '1111111111111110': 23, '1111111111111111': 90}","{'000000000000000000000': 23, '000000000000000000001': 209, '111111111111111111110': 23, '111111111111111111111': 202}","{'000000000000000000000': 15, '000000000000000000001': 101, '111111111111111111110': 11, '111111111111111111111': 108}","{'000000000000000000000': 18, '000000000000000000001': 71, '111111111111111111110': 11, '111111111111111111111': 59}"
set 32,"{'00000': 4, '00001': 468, '11110': 11, '11111': 459}","{'00000': 8, '00001': 448, '11110': 10, '11111': 434}","{'00000': 18, '00001': 415, '11110': 20, '11111': 428}","{'000000': 10, '000001': 461, '111110': 17, '111111': 450}","{'000000': 16, '000001': 427, '111110': 16, '111111': 410}","{'000000': 14, '000001': 394, '111110': 16, '111111': 430}","{'0000000': 13, '0000001': 391, '1111110': 20, '1111111': 445}","{'0000000': 15, '0000001': 391, '1111110': 22, '1111111': 373}","{'0000000': 46, '0000001': 337, '1111110': 74, '1111111': 308}","{'00000000': 9, '00000001': 409, '11111110': 15, '11111111': 403}","{'00000000': 19, '00000001': 352, '11111110': 19, '11111111': 325}","{'00000000': 25, '00000001': 325, '11111110': 27, '11111111': 303}","{'000000000': 9, '000000001': 418, '111111110': 11, '111111111': 376}","{'000000000': 18, '000000001': 343, '111111110': 22, '111111111': 351}","{'000000000': 9, '000000001': 341, '111111110': 13, '111111111': 292}","{'0000000000': 20, '0000000001': 394, '1111111110': 14, '1111111111': 364}","{'0000000000': 14, '0000000001': 302, '1111111110': 14, '1111111111': 345}","{'0000000000': 25, '0000000001': 303, '1111111110': 24, '1111111111': 250}","{'00000000000': 8, '00000000001': 361, '11111111110': 23, '11111111111': 355}","{'00000000000': 26, '00000000001': 278, '11111111110': 26, '11111111111': 260}","{'00000000000': 23, '00000000001': 233, '11111111110': 40, '11111111111': 233}","{'0000000000000000': 17, '0000000000000001': 263, '1111111111111110': 21, '1111111111111111': 264}","{'0000000000000000': 23, '0000000000000001': 202, '1111111111111110': 22, '1111111111111111': 159}","{'0000000000000000': 43, '0000000000000001': 135, '1111111111111110': 30, '1111111111111111': 131}","{'000000000000000000000': 20, '000000000000000000001': 190, '111111111111111111110': 9, '111111111111111111111': 182}","{'000000000000000000000': 22, '000000000000000000001': 110, '111111111111111111110': 29, '111111111111111111111': 110}","{'000000000000000000000': 10, '000000000000000000001': 54, '111111111111111111110': 14, '111111111111111111111': 51}"
set 33,"{'00000': 11, '00001': 467, '11110': 8, '11111': 456}","{'00000': 11, '00001': 460, '11110': 16, '11111': 429}","{'00000': 19, '00001': 440, '11110': 18, '11111': 439}","{'000000': 13, '000001': 456, '111110': 13, '111111': 450}","{'000000': 17, '000001': 432, '111110': 12, '111111': 416}","{'000000': 21, '000001': 372, '111110': 22, '111111': 429}","{'0000000': 15, '0000001': 434, '1111110': 9, '1111111': 400}","{'0000000': 56, '0000001': 366, '1111110': 23, '1111111': 345}","{'0000000': 31, '0000001': 358, '1111110': 31, '1111111': 352}","{'00000000': 12, '00000001': 394, '11111110': 22, '11111111': 388}","{'00000000': 28, '00000001': 349, '11111110': 23, '11111111': 344}","{'00000000': 24, '00000001': 335, '11111110': 20, '11111111': 332}","{'000000000': 12, '000000001': 409, '111111110': 14, '111111111': 385}","{'000000000': 18, '000000001': 351, '111111110': 19, '111111111': 347}","{'000000000': 21, '000000001': 299, '111111110': 14, '111111111': 309}","{'0000000000': 11, '0000000001': 421, '1111111110': 12, '1111111111': 341}","{'0000000000': 15, '0000000001': 326, '1111111110': 31, '1111111111': 287}","{'0000000000': 33, '0000000001': 281, '1111111110': 39, '1111111111': 258}","{'00000000000': 17, '00000000001': 332, '11111111110': 12, '11111111111': 347}","{'00000000000': 21, '00000000001': 282, '11111111110': 22, '11111111111': 261}","{'00000000000': 24, '00000000001': 246, '11111111110': 63, '11111111111': 197}","{'0000000000000000': 24, '0000000000000001': 306, '1111111111111110': 23, '1111111111111111': 266}","{'0000000000000000': 36, '0000000000000001': 170, '1111111111111110': 34, '1111111111111111': 172}","{'0000000000000000': 23, '0000000000000001': 156, '1111111111111110': 28, '1111111111111111': 134}","{'000000000000000000000': 29, '000000000000000000001': 181, '111111111111111111110': 12, '111111111111111111111': 202}","{'000000000000000000000': 16, '000000000000000000001': 98, '111111111111111111110': 10, '111111111111111111111': 118}","{'000000000000000000000': 13, '000000000000000000001': 57, '111111111111111111110': 14, '111111111111111111111': 51}"
set 34,"{'00000': 10, '00001': 476, '11110': 7, '11111': 453}","{'00000': 20, '00001': 467, '11110': 15, '11111': 429}","{'00000': 11, '00001': 453, '11110': 16, '11111': 406}","{'000000': 15, '000001': 411, '111110': 15, '111111': 481}","{'000000': 11, '000001': 433, '111110': 7, '111111': 421}","{'000000': 20, '000001': 419, '111110': 15, '111111': 396}","{'0000000': 24, '0000001': 428, '1111110': 26, '1111111': 393}","{'0000000': 42, '0000001': 385, '1111110': 26, '1111111': 393}","{'0000000': 31, '0000001': 367, '1111110': 16, '1111111': 365}","{'00000000': 20, '00000001': 386, '11111110': 18, '11111111': 403}","{'00000000': 31, '00000001': 337, '11111110': 21, '11111111': 314}","{'00000000': 35, '00000001': 291, '11111110': 48, '11111111': 272}","{'000000000': 13, '000000001': 429, '111111110': 15, '111111111': 376}","{'000000000': 22, '000000001': 355, '111111110': 12, '111111111': 357}","{'000000000': 17, '000000001': 297, '111111110': 23, '111111111': 293}","{'0000000000': 29, '0000000001': 390, '1111111110': 26, '1111111111': 361}","{'0000000000': 25, '0000000001': 341, '1111111110': 12, '1111111111': 305}","{'0000000000': 31, '0000000001': 271, '1111111110': 36, '1111111111': 258}","{'00000000000': 15, '00000000001': 334, '11111111110': 14, '11111111111': 368}","{'00000000000': 21, '00000000001': 313, '11111111110': 13, '11111111111': 278}","{'00000000000': 18, '00000000001': 236, '11111111110': 32, '11111111111': 229}","{'0000000000000000': 20, '0000000000000001': 290, '1111111111111110': 16, '1111111111111111': 268}","{'0000000000000000': 36, '0000000000000001': 176, '1111111111111110': 26, '1111111111111111': 139}","{'0000000000000000': 27, '0000000000000001': 129, '1111111111111110': 23, '1111111111111111': 130}","{'000000000000000000000': 18, '000000000000000000001': 203, '111111111111111111110': 21, '111111111111111111111': 197}","{'000000000000000000000': 19, '000000000000000000001': 112, '111111111111111111110': 15, '111111111111111111111': 93}","{'000000000000000000000': 14, '000000000000000000001': 54, '111111111111111111110': 20, '111111111111111111111': 49}"
set 35,"{'00000': 8, '00001': 454, '11110': 11, '11111': 477}","{'00000': 5, '00001': 460, '11110': 11, '11111': 446}","{'00000': 10, '00001': 430, '11110': 10, '11111': 428}","{'000000': 11, '000001': 445, '111110': 13, '111111': 455}","{'000000': 15, '000001': 458, '111110': 18, '111111': 433}","{'000000': 19, '000001': 409, '111110': 23, '111111': 386}","{'0000000': 16, '0000001': 384, '1111110': 35, '1111111': 437}","{'0000000': 21, '0000001': 388, '1111110': 11, '1111111': 374}","{'0000000': 20, '0000001': 355, '1111110': 17, '1111111': 377}","{'00000000': 15, '00000001': 393, '11111110': 11, '11111111': 421}","{'00000000': 15, '00000001': 376, '11111110': 31, '11111111': 365}","{'00000000': 27, '00000001': 316, '11111110': 15, '11111111': 321}","{'000000000': 12, '000000001': 394, '111111110': 11, '111111111': 392}","{'000000000': 13, '000000001': 329, '111111110': 21, '111111111': 350}","{'000000000': 23, '000000001': 295, '111111110': 21, '111111111': 295}","{'0000000000': 13, '0000000001': 385, '1111111110': 20, '1111111111': 368}","{'0000000000': 19, '0000000001': 332, '1111111110': 17, '1111111111': 324}","{'0000000000': 30, '0000000001': 293, '1111111110': 24, '1111111111': 286}","{'00000000000': 16, '00000000001': 366, '11111111110': 26, '11111111111': 336}","{'00000000000': 19, '00000000001': 290, '11111111110': 24, '11111111111': 264}","{'00000000000': 10, '00000000001': 250, '11111111110': 15, '11111111111': 243}","{'0000000000000000': 18, '0000000000000001': 302, '1111111111111110': 19, '1111111111111111': 265}","{'0000000000000000': 23, '0000000000000001': 216, '1111111111111110': 22, '1111111111111111': 182}","{'0000000000000000': 26, '0000000000000001': 120, '1111111111111110': 29, '1111111111111111': 114}","{'000000000000000000000': 18, '000000000000000000001': 220, '111111111111111111110': 11, '111111111111111111111': 187}","{'000000000000000000000': 26, '000000000000000000001': 106, '111111111111111111110': 16, '111111111111111111111': 94}","{'000000000000000000000': 11, '000000000000000000001': 45, '111111111111111111110': 11, '111111111111111111111': 55}"
set 36,"{'00000': 17, '00001': 476, '11110': 13, '11111': 436}","{'00000': 20, '00001': 452, '11110': 14, '11111': 422}","{'00000': 21, '00001': 439, '11110': 24, '11111': 402}","{'000000': 10, '000001': 454, '111110': 16, '111111': 435}","{'000000': 7, '000001': 431, '111110': 16, '111111': 451}","{'000000': 33, '000001': 388, '111110': 31, '111111': 399}","{'0000000': 18, '0000001': 425, '1111110': 12, '1111111': 413}","{'0000000': 48, '0000001': 381, '1111110': 46, '1111111': 360}","{'0000000': 20, '0000001': 360, '1111110': 16, '1111111': 350}","{'00000000': 12, '00000001': 433, '11111110': 16, '11111111': 375}","{'00000000': 22, '00000001': 352, '11111110': 24, '11111111': 351}","{'00000000': 23, '00000001': 347, '11111110': 13, '11111111': 325}","{'000000000': 11, '000000001': 402, '111111110': 19, '111111111': 384}","{'000000000': 13, '000000001': 375, '111111110': 12, '111111111': 328}","{'000000000': 16, '000000001': 310, '111111110': 18, '111111111': 309}","{'0000000000': 20, '0000000001': 396, '1111111110': 16, '1111111111': 383}","{'0000000000': 21, '0000000001': 295, '1111111110': 26, '1111111111': 319}","{'0000000000': 33, '0000000001': 270, '1111111110': 24, '1111111111': 263}","{'00000000000': 25, '00000000001': 362, '11111111110': 26, '11111111111': 370}","{'00000000000': 19, '00000000001': 280, '11111111110': 15, '11111111111': 267}","{'00000000000': 16, '00000000001': 243, '11111111110': 28, '11111111111': 252}","{'0000000000000000': 21, '0000000000000001': 270, '1111111111111110': 17, '1111111111111111': 250}","{'0000000000000000': 29, '0000000000000001': 208, '1111111111111110': 26, '1111111111111111': 166}","{'0000000000000000': 18, '0000000000000001': 126, '1111111111111110': 26, '1111111111111111': 131}","{'000000000000000000000': 21, '000000000000000000001': 192, '111111111111111111110': 20, '111111111111111111111': 176}","{'000000000000000000000': 16, '000000000000000000001': 132, '111111111111111111110': 16, '111111111111111111111': 93}","{'000000000000000000000': 18, '000000000000000000001': 71, '111111111111111111110': 13, '111111111111111111111': 58}"
set 37,"{'00000': 8, '00001': 460, '11110': 8, '11111': 472}","{'00000': 11, '00001': 459, '11110': 13, '11111': 440}","{'00000': 22, '00001': 421, '11110': 11, '11111': 429}","{'000000': 9, '000001': 452, '111110': 11, '111111': 436}","{'000000': 16, '000001': 425, '111110': 18, '111111': 436}","{'000000': 29, '000001': 410, '111110': 28, '111111': 386}","{'0000000': 24, '0000001': 417, '1111110': 9, '1111111': 417}","{'0000000': 24, '0000001': 409, '1111110': 20, '1111111': 365}","{'0000000': 54, '0000001': 322, '1111110': 37, '1111111': 358}","{'00000000': 5, '00000001': 420, '11111110': 13, '11111111': 389}","{'00000000': 19, '00000001': 355, '11111110': 18, '11111111': 330}","{'00000000': 22, '00000001': 343, '11111110': 27, '11111111': 323}","{'000000000': 8, '000000001': 429, '111111110': 7, '111111111': 385}","{'000000000': 28, '000000001': 357, '111111110': 24, '111111111': 325}","{'000000000': 27, '000000001': 304, '111111110': 15, '111111111': 309}","{'0000000000': 8, '0000000001': 410, '1111111110': 14, '1111111111': 348}","{'0000000000': 24, '0000000001': 336, '1111111110': 35, '1111111111': 272}","{'0000000000': 30, '0000000001': 268, '1111111110': 56, '1111111111': 266}","{'00000000000': 29, '00000000001': 345, '11111111110': 17, '11111111111': 362}","{'00000000000': 18, '00000000001': 307, '11111111110': 19, '11111111111': 266}","{'00000000000': 24, '00000000001': 228, '11111111110': 16, '11111111111': 233}","{'0000000000000000': 29, '0000000000000001': 301, '1111111111111110': 32, '1111111111111111': 289}","{'0000000000000000': 22, '0000000000000001': 191, '1111111111111110': 17, '1111111111111111': 176}","{'0000000000000000': 29, '0000000000000001': 114, '1111111111111110': 12, '1111111111111111': 143}","{'000000000000000000000': 17, '000000000000000000001': 243, '111111111111111111110': 24, '111111111111111111111': 190}","{'000000000000000000000': 20, '000000000000000000001': 118, '111111111111111111110': 13, '111111111111111111111': 106}","{'000000000000000000000': 19, '000000000000000000001': 51, '111111111111111111110': 14, '111111111111111111111': 58}"
set 38,"{'00000': 9, '00001': 460, '11110': 12, '11111': 461}","{'00000': 16, '00001': 455, '11110': 12, '11111': 454}","{'00000': 20, '00001': 423, '11110': 18, '11111': 419}","{'000000': 16, '000001': 474, '111110': 11, '111111': 421}","{'000000': 8, '000001': 430, '111110': 13, '111111': 438}","{'000000': 20, '000001': 382, '111110': 13, '111111': 430}","{'0000000': 12, '0000001': 450, '1111110': 17, '1111111': 388}","{'0000000': 26, '0000001': 418, '1111110': 16, '1111111': 353}","{'0000000': 21, '0000001': 368, '1111110': 24, '1111111': 334}","{'00000000': 14, '00000001': 419, '11111110': 14, '11111111': 380}","{'00000000': 23, '00000001': 349, '11111110': 21, '11111111': 323}","{'00000000': 18, '00000001': 343, '11111110': 12, '11111111': 304}","{'000000000': 8, '000000001': 379, '111111110': 13, '111111111': 415}","{'000000000': 9, '000000001': 361, '111111110': 10, '111111111': 318}","{'000000000': 28, '000000001': 330, '111111110': 21, '111111111': 274}","{'0000000000': 17, '0000000001': 369, '1111111110': 20, '1111111111': 370}","{'0000000000': 17, '0000000001': 341, '1111111110': 22, '1111111111': 314}","{'0000000000': 29, '0000000001': 295, '1111111110': 24, '1111111111': 252}","{'00000000000': 22, '00000000001': 372, '11111111110': 10, '11111111111': 381}","{'00000000000': 19, '00000000001': 269, '11111111110': 15, '11111111111': 245}","{'00000000000': 90, '00000000001': 139, '11111111110': 33, '11111111111': 222}","{'0000000000000000': 19, '0000000000000001': 300, '1111111111111110': 20, '1111111111111111': 249}","{'0000000000000000': 27, '0000000000000001': 184, '1111111111111110': 23, '1111111111111111': 197}","{'0000000000000000': 23, '0000000000000001': 135, '1111111111111110': 18, '1111111111111111': 140}","{'000000000000000000000': 20, '000000000000000000001': 209, '111111111111111111110': 20, '111111111111111111111': 190}","{'000000000000000000000': 13, '000000000000000000001': 121, '111111111111111111110': 13, '111111111111111111111': 87}","{'000000000000000000000': 15, '000000000000000000001': 58, '111111111111111111110': 9, '111111111111111111111': 42}"
set 39,"{'00000': 3, '00001': 452, '11110': 16, '11111': 471}","{'00000': 13, '00001': 444, '11110': 10, '11111': 438}","{'00000': 22, '00001': 441, '11110': 11, '11111': 430}","{'000000': 13, '000001': 450, '111110': 10, '111111': 443}","{'000000': 18, '000001': 427, '111110': 13, '111111': 430}","{'000000': 23, '000001': 394, '111110': 17, '111111': 429}","{'0000000': 18, '0000001': 411, '1111110': 13, '1111111': 416}","{'0000000': 10, '0000001': 393, '1111110': 12, '1111111': 409}","{'0000000': 26, '0000001': 354, '1111110': 16, '1111111': 393}","{'00000000': 21, '00000001': 439, '11111110': 7, '11111111': 379}","{'00000000': 17, '00000001': 354, '11111110': 23, '11111111': 323}","{'00000000': 21, '00000001': 329, '11111110': 23, '11111111': 295}","{'000000000': 8, '000000001': 427, '111111110': 11, '111111111': 394}","{'000000000': 13, '000000001': 379, '111111110': 26, '111111111': 318}","{'000000000': 18, '000000001': 349, '111111110': 20, '111111111': 284}","{'0000000000': 22, '0000000001': 398, '1111111110': 11, '1111111111': 377}","{'0000000000': 15, '0000000001': 350, '1111111110': 30, '1111111111': 306}","{'0000000000': 28, '0000000001': 249, '1111111110': 21, '1111111111': 276}","{'00000000000': 16, '00000000001': 341, '11111111110': 11, '11111111111': 365}","{'00000000000': 41, '00000000001': 277, '11111111110': 23, '11111111111': 293}","{'00000000000': 30, '00000000001': 210, '11111111110': 51, '11111111111': 224}","{'0000000000000000': 16, '0000000000000001': 303, '1111111111111110': 20, '1111111111111111': 282}","{'0000000000000000': 27, '0000000000000001': 207, '1111111111111110': 20, '1111111111111111': 194}","{'0000000000000000': 28, '0000000000000001': 133, '1111111111111110': 19, '1111111111111111': 105}","{'000000000000000000000': 20, '000000000000000000001': 234, '111111111111111111110': 22, '111111111111111111111': 175}","{'000000000000000000000': 14, '000000000000000000001': 94, '111111111111111111110': 23, '111111111111111111111': 97}","{'000000000000000000000': 8, '000000000000000000001': 61, '111111111111111111110': 12, '111111111111111111111': 53}"
set 40,"{'00000': 11, '00001': 425, '11110': 10, '11111': 479}","{'00000': 11, '00001': 459, '11110': 10, '11111': 435}","{'00000': 18, '00001': 404, '11110': 11, '11111': 487}","{'000000': 4, '000001': 474, '111110': 16, '111111': 429}","{'000000': 15, '000001': 442, '111110': 16, '111111': 396}","{'000000': 13, '000001': 394, '111110': 16, '111111': 423}","{'0000000': 14, '0000001': 388, '1111110': 17, '1111111': 435}","{'0000000': 26, '0000001': 387, '1111110': 26, '1111111': 398}","{'0000000': 33, '0000001': 383, '1111110': 30, '1111111': 357}","{'00000000': 9, '00000001': 414, '11111110': 22, '11111111': 404}","{'00000000': 31, '00000001': 365, '11111110': 23, '11111111': 356}","{'00000000': 33, '00000001': 301, '11111110': 35, '11111111': 298}","{'000000000': 17, '000000001': 386, '111111110': 14, '111111111': 410}","{'000000000': 17, '000000001': 362, '111111110': 16, '111111111': 321}","{'000000000': 17, '000000001': 320, '111111110': 30, '111111111': 265}","{'0000000000': 31, '0000000001': 361, '1111111110': 23, '1111111111': 295}","{'0000000000': 22, '0000000001': 358, '1111111110': 27, '1111111111': 289}","{'0000000000': 24, '0000000001': 272, '1111111110': 26, '1111111111': 268}","{'00000000000': 31, '00000000001': 377, '11111111110': 18, '11111111111': 318}","{'00000000000': 14, '00000000001': 252, '11111111110': 21, '11111111111': 283}","{'00000000000': 27, '00000000001': 214, '11111111110': 27, '11111111111': 218}","{'0000000000000000': 14, '0000000000000001': 329, '1111111111111110': 16, '1111111111111111': 243}","{'0000000000000000': 23, '0000000000000001': 208, '1111111111111110': 22, '1111111111111111': 164}","{'0000000000000000': 26, '0000000000000001': 119, '1111111111111110': 24, '1111111111111111': 106}","{'000000000000000000000': 25, '000000000000000000001': 211, '111111111111111111110': 30, '111111111111111111111': 202}","{'000000000000000000000': 17, '000000000000000000001': 93, '111111111111111111110': 11, '111111111111111111111': 106}","{'000000000000000000000': 10, '000000000000000000001': 44, '111111111111111111110': 10, '111111111111111111111': 53}"
set 41,"{'00000': 7, '00001': 467, '11110': 15, '11111': 456}","{'00000': 15, '00001': 432, '11110': 11, '11111': 442}","{'00000': 18, '00001': 433, '11110': 8, '11111': 447}","{'000000': 13, '000001': 417, '111110': 15, '111111': 470}","{'000000': 9, '000001': 421, '111110': 9, '111111': 451}","{'000000': 17, '000001': 400, '111110': 15, '111111': 405}","{'0000000': 18, '0000001': 429, '1111110': 20, '1111111': 407}","{'0000000': 20, '0000001': 379, '1111110': 19, '1111111': 382}","{'0000000': 65, '0000001': 298, '1111110': 35, '1111111': 356}","{'00000000': 12, '00000001': 417, '11111110': 11, '11111111': 402}","{'00000000': 29, '00000001': 358, '11111110': 21, '11111111': 338}","{'00000000': 25, '00000001': 305, '11111110': 32, '11111111': 269}","{'000000000': 10, '000000001': 358, '111111110': 15, '111111111': 403}","{'000000000': 23, '000000001': 354, '111111110': 17, '111111111': 312}","{'000000000': 28, '000000001': 345, '111111110': 23, '111111111': 302}","{'0000000000': 26, '0000000001': 381, '1111111110': 20, '1111111111': 339}","{'0000000000': 28, '0000000001': 349, '1111111110': 22, '1111111111': 284}","{'0000000000': 21, '0000000001': 246, '1111111110': 21, '1111111111': 227}","{'00000000000': 25, '00000000001': 345, '11111111110': 16, '11111111111': 340}","{'00000000000': 28, '00000000001': 248, '11111111110': 35, '11111111111': 280}","{'00000000000': 32, '00000000001': 229, '11111111110': 32, '11111111111': 214}","{'0000000000000000': 24, '0000000000000001': 311, '1111111111111110': 16, '1111111111111111': 271}","{'0000000000000000': 22, '0000000000000001': 194, '1111111111111110': 7, '1111111111111111': 183}","{'0000000000000000': 51, '0000000000000001': 130, '1111111111111110': 43, '1111111111111111': 120}","{'000000000000000000000': 18, '000000000000000000001': 250, '111111111111111111110': 14, '111111111111111111111': 174}","{'000000000000000000000': 10, '000000000000000000001': 95, '111111111111111111110': 13, '111111111111111111111': 98}","{'000000000000000000000': 16, '000000000000000000001': 43, '111111111111111111110': 8, '111111111111111111111': 53}"
set 42,"{'00000': 7, '00001': 490, '11110': 11, '11111': 431}","{'00000': 7, '00001': 487, '11110': 12, '11111': 416}","{'00000': 9, '00001': 456, '11110': 11, '11111': 449}","{'000000': 9, '000001': 446, '111110': 11, '111111': 456}","{'000000': 12, '000001': 419, '111110': 12, '111111': 454}","{'000000': 17, '000001': 449, '111110': 14, '111111': 392}","{'0000000': 20, '0000001': 427, '1111110': 34, '1111111': 400}","{'0000000': 64, '0000001': 347, '1111110': 16, '1111111': 404}","{'0000000': 31, '0000001': 370, '1111110': 17, '1111111': 359}","{'00000000': 8, '00000001': 404, '11111110': 11, '11111111': 414}","{'00000000': 30, '00000001': 339, '11111110': 21, '11111111': 344}","{'00000000': 23, '00000001': 323, '11111110': 12, '11111111': 320}","{'000000000': 11, '000000001': 402, '111111110': 15, '111111111': 388}","{'000000000': 22, '000000001': 372, '111111110': 15, '111111111': 323}","{'000000000': 12, '000000001': 300, '111111110': 16, '111111111': 298}","{'0000000000': 23, '0000000001': 363, '1111111110': 23, '1111111111': 396}","{'0000000000': 39, '0000000001': 332, '1111111110': 29, '1111111111': 326}","{'0000000000': 24, '0000000001': 247, '1111111110': 14, '1111111111': 291}","{'00000000000': 17, '00000000001': 365, '11111111110': 20, '11111111111': 336}","{'00000000000': 22, '00000000001': 313, '11111111110': 18, '11111111111': 262}","{'00000000000': 30, '00000000001': 168, '11111111110': 29, '11111111111': 202}","{'0000000000000000': 14, '0000000000000001': 293, '1111111111111110': 18, '1111111111111111': 276}","{'0000000000000000': 24, '0000000000000001': 202, '1111111111111110': 26, '1111111111111111': 190}","{'0000000000000000': 11, '0000000000000001': 147, '1111111111111110': 18, '1111111111111111': 108}","{'000000000000000000000': 28, '000000000000000000001': 215, '111111111111111111110': 23, '111111111111111111111': 172}","{'000000000000000000000': 39, '000000000000000000001': 104, '111111111111111111110': 15, '111111111111111111111': 119}","{'000000000000000000000': 13, '000000000000000000001': 58, '111111111111111111110': 14, '111111111111111111111': 37}"
set 43,"{'00000': 9, '00001': 432, '11110': 18, '11111': 486}","{'00000': 8, '00001': 477, '11110': 9, '11111': 433}","{'00000': 5, '00001': 462, '11110': 13, '11111': 409}","{'000000': 12, '000001': 462, '111110': 6, '111111': 434}","{'000000': 11, '000001': 424, '111110': 13, '111111': 428}","{'000000': 23, '000001': 420, '111110': 19, '111111': 407}","{'0000000': 41, '0000001': 392, '1111110': 11, '1111111': 420}","{'0000000': 17, '0000001': 386, '1111110': 17, '1111111': 391}","{'0000000': 27, '0000001': 379, '1111110': 34, '1111111': 332}","{'00000000': 19, '00000001': 407, '11111110': 13, '11111111': 404}","{'00000000': 22, '00000001': 368, '11111110': 19, '11111111': 340}","{'00000000': 39, '00000001': 258, '11111110': 36, '11111111': 266}","{'000000000': 19, '000000001': 409, '111111110': 18, '111111111': 393}","{'000000000': 19, '000000001': 362, '111111110': 10, '111111111': 323}","{'000000000': 20, '000000001': 318, '111111110': 16, '111111111': 298}","{'0000000000': 30, '0000000001': 351, '1111111110': 32, '1111111111': 350}","{'0000000000': 16, '0000000001': 341, '1111111110': 14, '1111111111': 291}","{'0000000000': 34, '0000000001': 276, '1111111110': 22, '1111111111': 263}","{'00000000000': 16, '00000000001': 363, '11111111110': 12, '11111111111': 351}","{'00000000000': 24, '00000000001': 273, '11111111110': 18, '11111111111': 257}","{'00000000000': 36, '00000000001': 243, '11111111110': 21, '11111111111': 226}","{'0000000000000000': 23, '0000000000000001': 286, '1111111111111110': 21, '1111111111111111': 264}","{'0000000000000000': 17, '0000000000000001': 178, '1111111111111110': 15, '1111111111111111': 174}","{'0000000000000000': 61, '0000000000000001': 129, '1111111111111110': 37, '1111111111111111': 93}","{'000000000000000000000': 20, '000000000000000000001': 217, '111111111111111111110': 14, '111111111111111111111': 211}","{'000000000000000000000': 15, '000000000000000000001': 126, '111111111111111111110': 15, '111111111111111111111': 111}","{'000000000000000000000': 13, '000000000000000000001': 59, '111111111111111111110': 12, '111111111111111111111': 59}"
set 44,"{'00000': 11, '00001': 464, '11110': 8, '11111': 475}","{'00000': 15, '00001': 475, '11110': 11, '11111': 419}","{'00000': 11, '00001': 457, '11110': 12, '11111': 400}","{'000000': 9, '000001': 451, '111110': 5, '111111': 449}","{'000000': 16, '000001': 445, '111110': 15, '111111': 428}","{'000000': 36, '000001': 409, '111110': 20, '111111': 389}","{'0000000': 21, '0000001': 424, '1111110': 27, '1111111': 397}","{'0000000': 26, '0000001': 387, '1111110': 15, '1111111': 388}","{'0000000': 34, '0000001': 354, '1111110': 28, '1111111': 336}","{'00000000': 16, '00000001': 377, '11111110': 16, '11111111': 408}","{'00000000': 18, '00000001': 395, '11111110': 23, '11111111': 354}","{'00000000': 29, '00000001': 300, '11111110': 36, '11111111': 261}","{'000000000': 19, '000000001': 401, '111111110': 11, '111111111': 386}","{'000000000': 16, '000000001': 342, '111111110': 17, '111111111': 362}","{'000000000': 17, '000000001': 321, '111111110': 23, '111111111': 283}","{'0000000000': 21, '0000000001': 420, '1111111110': 23, '1111111111': 323}","{'0000000000': 17, '0000000001': 316, '1111111110': 17, '1111111111': 299}","{'0000000000': 23, '0000000001': 281, '1111111110': 19, '1111111111': 269}","{'00000000000': 24, '00000000001': 344, '11111111110': 8, '11111111111': 352}","{'00000000000': 39, '00000000001': 247, '11111111110': 46, '11111111111': 251}","{'00000000000': 41, '00000000001': 221, '11111111110': 25, '11111111111': 253}","{'0000000000000000': 16, '0000000000000001': 310, '1111111111111110': 15, '1111111111111111': 275}","{'0000000000000000': 28, '0000000000000001': 207, '1111111111111110': 25, '1111111111111111': 185}","{'0000000000000000': 20, '0000000000000001': 133, '1111111111111110': 13, '1111111111111111': 146}","{'000000000000000000000': 20, '000000000000000000001': 225, '111111111111111111110': 20, '111111111111111111111': 197}","{'000000000000000000000': 19, '000000000000000000001': 126, '111111111111111111110': 21, '111111111111111111111': 128}","{'000000000000000000000': 18, '000000000000000000001': 73, '111111111111111111110': 16, '111111111111111111111': 53}"
set 45,"{'00000': 5, '00001': 468, '11110': 11, '11111': 460}","{'00000': 12, '00001': 442, '11110': 16, '11111': 449}","{'00000': 14, '00001': 430, '11110': 16, '11111': 434}","{'000000': 10, '000001': 465, '111110': 11, '111111': 444}","{'000000': 18, '000001': 428, '111110': 18, '111111': 430}","{'000000': 18, '000001': 414, '111110': 26, '111111': 399}","{'0000000': 15, '0000001': 445, '1111110': 19, '1111111': 389}","{'0000000': 44, '0000001': 361, '1111110': 27, '1111111': 393}","{'0000000': 41, '0000001': 314, '1111110': 37, '1111111': 363}","{'00000000': 15, '00000001': 396, '11111110': 15, '11111111': 406}","{'00000000': 24, '00000001': 370, '11111110': 26, '11111111': 307}","{'00000000': 37, '00000001': 291, '11111110': 36, '11111111': 260}","{'000000000': 14, '000000001': 396, '111111110': 19, '111111111': 385}","{'000000000': 23, '000000001': 356, '111111110': 19, '111111111': 324}","{'000000000': 27, '000000001': 278, '111111110': 15, '111111111': 285}","{'0000000000': 19, '0000000001': 411, '1111111110': 17, '1111111111': 319}","{'0000000000': 46, '0000000001': 310, '1111111110': 18, '1111111111': 315}","{'0000000000': 26, '0000000001': 297, '1111111110': 23, '1111111111': 244}","{'00000000000': 19, '00000000001': 392, '11111111110': 12, '11111111111': 325}","{'00000000000': 23, '00000000001': 340, '11111111110': 16, '11111111111': 257}","{'00000000000': 21, '00000000001': 253, '11111111110': 35, '11111111111': 218}","{'0000000000000000': 19, '0000000000000001': 314, '1111111111111110': 23, '1111111111111111': 264}","{'0000000000000000': 22, '0000000000000001': 211, '1111111111111110': 27, '1111111111111111': 169}","{'0000000000000000': 20, '0000000000000001': 152, '1111111111111110': 17, '1111111111111111': 113}","{'000000000000000000000': 17, '000000000000000000001': 223, '111111111111111111110': 16, '111111111111111111111': 200}","{'000000000000000000000': 26, '000000000000000000001': 95, '111111111111111111110': 25, '111111111111111111111': 109}","{'000000000000000000000': 16, '000000000000000000001': 70, '111111111111111111110': 10, '111111111111111111111': 42}"
set 46,"{'00000': 10, '00001': 468, '11110': 10, '11111': 468}","{'00000': 18, '00001': 461, '11110': 10, '11111': 441}","{'00000': 13, '00001': 426, '11110': 14, '11111': 457}","{'000000': 12, '000001': 465, '111110': 16, '111111': 424}","{'000000': 22, '000001': 392, '111110': 9, '111111': 464}","{'000000': 19, '000001': 432, '111110': 21, '111111': 392}","{'0000000': 27, '0000001': 428, '1111110': 32, '1111111': 398}","{'0000000': 17, '0000001': 414, '1111110': 11, '1111111': 358}","{'0000000': 37, '0000001': 337, '1111110': 47, '1111111': 328}","{'00000000': 18, '00000001': 406, '11111110': 7, '11111111': 397}","{'00000000': 22, '00000001': 360, '11111110': 29, '11111111': 326}","{'00000000': 26, '00000001': 326, '11111110': 23, '11111111': 304}","{'000000000': 14, '000000001': 407, '111111110': 12, '111111111': 363}","{'000000000': 17, '000000001': 353, '111111110': 16, '111111111': 346}","{'000000000': 12, '000000001': 291, '111111110': 13, '111111111': 312}","{'0000000000': 23, '0000000001': 378, '1111111110': 17, '1111111111': 367}","{'0000000000': 16, '0000000001': 322, '1111111110': 17, '1111111111': 322}","{'0000000000': 22, '0000000001': 307, '1111111110': 18, '1111111111': 294}","{'00000000000': 31, '00000000001': 354, '11111111110': 19, '11111111111': 353}","{'00000000000': 42, '00000000001': 271, '11111111110': 19, '11111111111': 232}","{'00000000000': 21, '00000000001': 250, '11111111110': 47, '11111111111': 224}","{'0000000000000000': 22, '0000000000000001': 279, '1111111111111110': 13, '1111111111111111': 285}","{'0000000000000000': 18, '0000000000000001': 209, '1111111111111110': 17, '1111111111111111': 169}","{'0000000000000000': 22, '0000000000000001': 158, '1111111111111110': 19, '1111111111111111': 129}","{'000000000000000000000': 28, '000000000000000000001': 185, '111111111111111111110': 6, '111111111111111111111': 205}","{'000000000000000000000': 16, '000000000000000000001': 119, '111111111111111111110': 8, '111111111111111111111': 94}","{'000000000000000000000': 10, '000000000000000000001': 58, '111111111111111111110': 14, '111111111111111111111': 53}"
set 47,"{'00000': 16, '00001': 470, '11110': 12, '11111': 455}","{'00000': 9, '00001': 457, '11110': 10, '11111': 447}","{'00000': 16, '00001': 436, '11110': 27, '11111': 418}","{'000000': 8, '000001': 471, '111110': 7, '111111': 428}","{'000000': 10, '000001': 431, '111110': 12, '111111': 430}","{'000000': 16, '000001': 424, '111110': 16, '111111': 400}","{'0000000': 16, '0000001': 402, '1111110': 22, '1111111': 427}","{'0000000': 24, '0000001': 366, '1111110': 42, '1111111': 402}","{'0000000': 56, '0000001': 338, '1111110': 55, '1111111': 313}","{'00000000': 6, '00000001': 424, '11111110': 9, '11111111': 396}","{'00000000': 17, '00000001': 341, '11111110': 12, '11111111': 335}","{'00000000': 27, '00000001': 303, '11111110': 31, '11111111': 334}","{'000000000': 16, '000000001': 428, '111111110': 13, '111111111': 379}","{'000000000': 20, '000000001': 363, '111111110': 15, '111111111': 323}","{'000000000': 32, '000000001': 323, '111111110': 25, '111111111': 281}","{'0000000000': 17, '0000000001': 393, '1111111110': 15, '1111111111': 375}","{'0000000000': 25, '0000000001': 323, '1111111110': 14, '1111111111': 330}","{'0000000000': 36, '0000000001': 287, '1111111110': 20, '1111111111': 245}","{'00000000000': 20, '00000000001': 386, '11111111110': 20, '11111111111': 327}","{'00000000000': 30, '00000000001': 240, '11111111110': 23, '11111111111': 280}","{'00000000000': 59, '00000000001': 198, '11111111110': 55, '11111111111': 177}","{'0000000000000000': 14, '0000000000000001': 296, '1111111111111110': 13, '1111111111111111': 261}","{'0000000000000000': 33, '0000000000000001': 214, '1111111111111110': 19, '1111111111111111': 201}","{'0000000000000000': 23, '0000000000000001': 141, '1111111111111110': 23, '1111111111111111': 106}","{'000000000000000000000': 21, '000000000000000000001': 223, '111111111111111111110': 20, '111111111111111111111': 211}","{'000000000000000000000': 21, '000000000000000000001': 118, '111111111111111111110': 34, '111111111111111111111': 96}","{'000000000000000000000': 17, '000000000000000000001': 77, '111111111111111111110': 16, '111111111111111111111': 40}"
set 48,"{'00000': 16, '00001': 459, '11110': 9, '11111': 460}","{'00000': 14, '00001': 450, '11110': 12, '11111': 451}","{'00000': 26, '00001': 459, '11110': 17, '11111': 407}","{'000000': 13, '000001': 457, '111110': 17, '111111': 413}","{'000000': 15, '000001': 447, '111110': 14, '111111': 414}","{'000000': 17, '000001': 420, '111110': 14, '111111': 395}","{'0000000': 21, '0000001': 437, '1111110': 29, '1111111': 384}","{'0000000': 27, '0000001': 392, '1111110': 20, '1111111': 369}","{'0000000': 19, '0000001': 354, '1111110': 36, '1111111': 330}","{'00000000': 30, '00000001': 417, '11111110': 15, '11111111': 373}","{'00000000': 32, '00000001': 339, '11111110': 26, '11111111': 292}","{'00000000': 22, '00000001': 342, '11111110': 23, '11111111': 323}","{'000000000': 10, '000000001': 411, '111111110': 14, '111111111': 394}","{'000000000': 20, '000000001': 352, '111111110': 19, '111111111': 342}","{'000000000': 26, '000000001': 280, '111111110': 18, '111111111': 248}","{'0000000000': 12, '0000000001': 433, '1111111110': 23, '1111111111': 331}","{'0000000000': 21, '0000000001': 355, '1111111110': 28, '1111111111': 312}","{'0000000000': 24, '0000000001': 251, '1111111110': 22, '1111111111': 302}","{'00000000000': 10, '00000000001': 363, '11111111110': 19, '11111111111': 377}","{'00000000000': 18, '00000000001': 302, '11111111110': 17, '11111111111': 269}","{'00000000000': 27, '00000000001': 271, '11111111110': 37, '11111111111': 244}","{'0000000000000000': 26, '0000000000000001': 260, '1111111111111110': 18, '1111111111111111': 265}","{'0000000000000000': 21, '0000000000000001': 165, '1111111111111110': 21, '1111111111111111': 197}","{'0000000000000000': 37, '0000000000000001': 85, '1111111111111110': 20, '1111111111111111': 83}","{'000000000000000000000': 19, '000000000000000000001': 244, '111111111111111111110': 15, '111111111111111111111': 200}","{'000000000000000000000': 20, '000000000000000000001': 122, '111111111111111111110': 11, '111111111111111111111': 90}","{'000000000000000000000': 10, '000000000000000000001': 53, '111111111111111111110': 12, '111111111111111111111': 51}"
set 49,"{'00000': 6, '00001': 467, '11110': 16, '11111': 446}","{'00000': 14, '00001': 429, '11110': 16, '11111': 468}","{'00000': 11, '00001': 469, '11110': 11, '11111': 404}","{'000000': 7, '000001': 471, '111110': 14, '111111': 430}","{'000000': 12, '000001': 439, '111110': 13, '111111': 413}","{'000000': 28, '000001': 409, '111110': 29, '111111': 403}","{'0000000': 35, '0000001': 396, '1111110': 22, '1111111': 413}","{'0000000': 54, '0000001': 363, '1111110': 17, '1111111': 393}","{'0000000': 33, '0000001': 384, '1111110': 30, '1111111': 348}","{'00000000': 16, '00000001': 398, '11111110': 21, '11111111': 393}","{'00000000': 21, '00000001': 354, '11111110': 23, '11111111': 333}","{'00000000': 27, '00000001': 315, '11111110': 24, '11111111': 311}","{'000000000': 13, '000000001': 412, '111111110': 18, '111111111': 379}","{'000000000': 15, '000000001': 337, '111111110': 23, '111111111': 365}","{'000000000': 26, '000000001': 298, '111111110': 14, '111111111': 289}","{'0000000000': 20, '0000000001': 400, '1111111110': 17, '1111111111': 364}","{'0000000000': 21, '0000000001': 304, '1111111110': 16, '1111111111': 348}","{'0000000000': 45, '0000000001': 224, '1111111110': 40, '1111111111': 254}","{'00000000000': 14, '00000000001': 359, '11111111110': 8, '11111111111': 344}","{'00000000000': 15, '00000000001': 261, '11111111110': 24, '11111111111': 283}","{'00000000000': 52, '00000000001': 209, '11111111110': 38, '11111111111': 208}","{'0000000000000000': 12, '0000000000000001': 299, '1111111111111110': 16, '1111111111111111': 250}","{'0000000000000000': 25, '0000000000000001': 187, '1111111111111110': 17, '1111111111111111': 125}","{'0000000000000000': 32, '0000000000000001': 146, '1111111111111110': 21, '1111111111111111': 138}","{'000000000000000000000': 23, '000000000000000000001': 212, '111111111111111111110': 14, '111111111111111111111': 200}","{'000000000000000000000': 12, '000000000000000000001': 106, '111111111111111111110': 15, '111111111111111111111': 96}","{'000000000000000000000': 11, '000000000000000000001': 61, '111111111111111111110': 10, '111111111111111111111': 49}"
set 50,"{'00000': 11, '00001': 476, '11110': 9, '11111': 450}","{'00000': 12, '00001': 457, '11110': 14, '11111': 426}","{'00000': 10, '00001': 456, '11110': 21, '11111': 421}","{'000000': 5, '000001': 445, '111110': 6, '111111': 471}","{'000000': 13, '000001': 429, '111110': 18, '111111': 428}","{'000000': 20, '000001': 376, '111110': 23, '111111': 442}","{'0000000': 17, '0000001': 453, '1111110': 29, '1111111': 384}","{'0000000': 19, '0000001': 429, '1111110': 11, '1111111': 385}","{'0000000': 20, '0000001': 347, '1111110': 10, '1111111': 395}","{'00000000': 17, '00000001': 403, '11111110': 18, '11111111': 398}","{'00000000': 26, '00000001': 338, '11111110': 18, '11111111': 350}","{'00000000': 18, '00000001': 313, '11111110': 16, '11111111': 302}","{'000000000': 19, '000000001': 396, '111111110': 17, '111111111': 373}","{'000000000': 24, '000000001': 342, '111111110': 19, '111111111': 335}","{'000000000': 20, '000000001': 324, '111111110': 17, '111111111': 312}","{'0000000000': 28, '0000000001': 392, '1111111110': 19, '1111111111': 349}","{'0000000000': 16, '0000000001': 310, '1111111110': 22, '1111111111': 290}","{'0000000000': 32, '0000000001': 281, '1111111110': 45, '1111111111': 212}","{'00000000000': 14, '00000000001': 367, '11111111110': 13, '11111111111': 362}","{'00000000000': 17, '00000000001': 274, '11111111110': 13, '11111111111': 297}","{'00000000000': 16, '00000000001': 218, '11111111110': 24, '11111111111': 154}","{'0000000000000000': 17, '0000000000000001': 311, '1111111111111110': 15, '1111111111111111': 268}","{'0000000000000000': 33, '0000000000000001': 190, '1111111111111110': 26, '1111111111111111': 168}","{'0000000000000000': 10, '0000000000000001': 101, '1111111111111110': 26, '1111111111111111': 93}","{'000000000000000000000': 32, '000000000000000000001': 195, '111111111111111111110': 18, '111111111111111111111': 202}","{'000000000000000000000': 19, '000000000000000000001': 111, '111111111111111111110': 7, '111111111111111111111': 98}","{'000000000000000000000': 16, '000000000000000000001': 52, '111111111111111111110': 3, '111111111111111111111': 41}"
set 51,"{'00000': 10, '00001': 487, '11110': 13, '11111': 451}","{'00000': 18, '00001': 459, '11110': 16, '11111': 431}","{'00000': 17, '00001': 446, '11110': 24, '11111': 413}","{'000000': 10, '000001': 456, '111110': 8, '111111': 431}","{'000000': 7, '000001': 445, '111110': 15, '111111': 425}","{'000000': 31, '000001': 421, '111110': 16, '111111': 393}","{'0000000': 32, '0000001': 418, '1111110': 32, '1111111': 413}","{'0000000': 16, '0000001': 429, '1111110': 34, '1111111': 355}","{'0000000': 32, '0000001': 390, '1111110': 43, '1111111': 349}","{'00000000': 9, '00000001': 436, '11111110': 12, '11111111': 374}","{'00000000': 17, '00000001': 342, '11111110': 27, '11111111': 331}","{'00000000': 14, '00000001': 355, '11111110': 33, '11111111': 298}","{'000000000': 17, '000000001': 407, '111111110': 16, '111111111': 381}","{'000000000': 40, '000000001': 372, '111111110': 22, '111111111': 311}","{'000000000': 21, '000000001': 316, '111111110': 27, '111111111': 305}","{'0000000000': 13, '0000000001': 370, '1111111110': 14, '1111111111': 410}","{'0000000000': 25, '0000000001': 303, '1111111110': 26, '1111111111': 280}","{'0000000000': 32, '0000000001': 295, '1111111110': 31, '1111111111': 253}","{'00000000000': 13, '00000000001': 353, '11111111110': 15, '11111111111': 372}","{'00000000000': 24, '00000000001': 292, '11111111110': 28, '11111111111': 279}","{'00000000000': 28, '00000000001': 268, '11111111110': 33, '11111111111': 237}","{'0000000000000000': 26, '0000000000000001': 318, '1111111111111110': 22, '1111111111111111': 252}","{'0000000000000000': 20, '0000000000000001': 199, '1111111111111110': 16, '1111111111111111': 175}","{'0000000000000000': 30, '0000000000000001': 130, '1111111111111110': 24, '1111111111111111': 117}","{'000000000000000000000': 20, '000000000000000000001': 241, '111111111111111111110': 28, '111111111111111111111': 186}","{'000000000000000000000': 24, '000000000000000000001': 110, '111111111111111111110': 13, '111111111111111111111': 100}","{'000000000000000000000': 18, '000000000000000000001': 51, '111111111111111111110': 6, '111111111111111111111': 46}"
set 52,"{'00000': 8, '00001': 502, '11110': 9, '11111': 421}","{'00000': 14, '00001': 463, '11110': 21, '11111': 427}","{'00000': 10, '00001': 446, '11110': 26, '11111': 417}","{'000000': 15, '000001': 444, '111110': 7, '111111': 443}","{'000000': 15, '000001': 419, '111110': 18, '111111': 445}","{'000000': 19, '000001': 419, '111110': 25, '111111': 392}","{'0000000': 37, '0000001': 416, '1111110': 19, '1111111': 407}","{'0000000': 25, '0000001': 410, '1111110': 20, '1111111': 373}","{'0000000': 19, '0000001': 374, '1111110': 18, '1111111': 346}","{'00000000': 24, '00000001': 415, '11111110': 15, '11111111': 369}","{'00000000': 15, '00000001': 371, '11111110': 23, '11111111': 322}","{'00000000': 29, '00000001': 322, '11111110': 27, '11111111': 312}","{'000000000': 10, '000000001': 413, '111111110': 16, '111111111': 397}","{'000000000': 20, '000000001': 374, '111111110': 19, '111111111': 347}","{'000000000': 24, '000000001': 318, '111111110': 25, '111111111': 272}","{'0000000000': 14, '0000000001': 388, '1111111110': 26, '1111111111': 365}","{'0000000000': 18, '0000000001': 327, '1111111110': 21, '1111111111': 295}","{'0000000000': 28, '0000000001': 282, '1111111110': 24, '1111111111': 293}","{'00000000000': 27, '00000000001': 359, '11111111110': 12, '11111111111': 325}","{'00000000000': 18, '00000000001': 284, '11111111110': 16, '11111111111': 255}","{'00000000000': 19, '00000000001': 216, '11111111110': 28, '11111111111': 250}","{'0000000000000000': 16, '0000000000000001': 305, '1111111111111110': 7, '1111111111111111': 255}","{'0000000000000000': 28, '0000000000000001': 207, '1111111111111110': 21, '1111111111111111': 161}","{'0000000000000000': 17, '0000000000000001': 144, '1111111111111110': 15, '1111111111111111': 94}","{'000000000000000000000': 22, '000000000000000000001': 223, '111111111111111111110': 17, '111111111111111111111': 187}","{'000000000000000000000': 15, '000000000000000000001': 107, '111111111111111111110': 12, '111111111111111111111': 94}","{'000000000000000000000': 12, '000000000000000000001': 69, '111111111111111111110': 8, '111111111111111111111': 41}"
set 53,"{'00000': 13, '00001': 467, '11110': 6, '11111': 450}","{'00000': 12, '00001': 441, '11110': 22, '11111': 443}","{'00000': 11, '00001': 464, '11110': 13, '11111': 414}","{'000000': 17, '000001': 461, '111110': 11, '111111': 434}","{'000000': 7, '000001': 406, '111110': 14, '111111': 459}","{'000000': 14, '000001': 423, '111110': 18, '111111': 403}","{'0000000': 28, '0000001': 431, '1111110': 40, '1111111': 379}","{'0000000': 10, '0000001': 386, '1111110': 16, '1111111': 417}","{'0000000': 19, '0000001': 355, '1111110': 21, '1111111': 362}","{'00000000': 13, '00000001': 374, '11111110': 10, '11111111': 416}","{'00000000': 34, '00000001': 328, '11111110': 18, '11111111': 347}","{'00000000': 35, '00000001': 347, '11111110': 21, '11111111': 310}","{'000000000': 12, '000000001': 383, '111111110': 12, '111111111': 396}","{'000000000': 17, '000000001': 319, '111111110': 17, '111111111': 328}","{'000000000': 21, '000000001': 315, '111111110': 25, '111111111': 294}","{'0000000000': 21, '0000000001': 395, '1111111110': 18, '1111111111': 346}","{'0000000000': 32, '0000000001': 317, '1111111110': 25, '1111111111': 294}","{'0000000000': 32, '0000000001': 266, '1111111110': 26, '1111111111': 272}","{'00000000000': 13, '00000000001': 360, '11111111110': 14, '11111111111': 360}","{'00000000000': 22, '00000000001': 262, '11111111110': 13, '11111111111': 235}","{'00000000000': 32, '00000000001': 244, '11111111110': 34, '11111111111': 219}","{'0000000000000000': 17, '0000000000000001': 302, '1111111111111110': 15, '1111111111111111': 281}","{'0000000000000000': 13, '0000000000000001': 237, '1111111111111110': 13, '1111111111111111': 194}","{'0000000000000000': 29, '0000000000000001': 130, '1111111111111110': 24, '1111111111111111': 125}","{'000000000000000000000': 21, '000000000000000000001': 205, '111111111111111111110': 19, '111111111111111111111': 201}","{'000000000000000000000': 11, '000000000000000000001': 93, '111111111111111111110': 13, '111111111111111111111': 77}","{'000000000000000000000': 14, '000000000000000000001': 42, '111111111111111111110': 13, '111111111111111111111': 53}"
set 54,"{'00000': 8, '00001': 496, '11110': 13, '11111': 452}","{'00000': 15, '00001': 413, '11110': 19, '11111': 486}","{'00000': 24, '00001': 451, '11110': 20, '11111': 419}","{'000000': 13, '000001': 455, '111110': 14, '111111': 438}","{'000000': 15, '000001': 433, '111110': 16, '111111': 432}","{'000000': 21, '000001': 429, '111110': 15, '111111': 402}","{'0000000': 29, '0000001': 438, '1111110': 14, '1111111': 409}","{'0000000': 46, '0000001': 374, '1111110': 19, '1111111': 377}","{'0000000': 32, '0000001': 347, '1111110': 56, '1111111': 340}","{'00000000': 17, '00000001': 445, '11111110': 6, '11111111': 363}","{'00000000': 24, '00000001': 355, '11111110': 21, '11111111': 344}","{'00000000': 19, '00000001': 312, '11111110': 18, '11111111': 347}","{'000000000': 11, '000000001': 442, '111111110': 16, '111111111': 372}","{'000000000': 20, '000000001': 356, '111111110': 14, '111111111': 344}","{'000000000': 14, '000000001': 284, '111111110': 22, '111111111': 290}","{'0000000000': 13, '0000000001': 380, '1111111110': 9, '1111111111': 383}","{'0000000000': 29, '0000000001': 323, '1111111110': 28, '1111111111': 309}","{'0000000000': 15, '0000000001': 274, '1111111110': 30, '1111111111': 286}","{'00000000000': 26, '00000000001': 363, '11111111110': 14, '11111111111': 348}","{'00000000000': 16, '00000000001': 273, '11111111110': 14, '11111111111': 304}","{'00000000000': 52, '00000000001': 199, '11111111110': 55, '11111111111': 192}","{'0000000000000000': 15, '0000000000000001': 284, '1111111111111110': 22, '1111111111111111': 264}","{'0000000000000000': 32, '0000000000000001': 174, '1111111111111110': 14, '1111111111111111': 170}","{'0000000000000000': 22, '0000000000000001': 137, '1111111111111110': 18, '1111111111111111': 128}","{'000000000000000000000': 27, '000000000000000000001': 216, '111111111111111111110': 17, '111111111111111111111': 188}","{'000000000000000000000': 24, '000000000000000000001': 126, '111111111111111111110': 18, '111111111111111111111': 91}","{'000000000000000000000': 21, '000000000000000000001': 49, '111111111111111111110': 12, '111111111111111111111': 42}"
set 55,"{'00000': 8, '00001': 479, '11110': 4, '11111': 447}","{'00000': 18, '00001': 424, '11110': 12, '11111': 470}","{'00000': 21, '00001': 443, '11110': 16, '11111': 425}","{'000000': 18, '000001': 441, '111110': 14, '111111': 449}","{'000000': 11, '000001': 428, '111110': 14, '111111': 435}","{'000000': 26, '000001': 435, '111110': 19, '111111': 369}","{'0000000': 25, '0000001': 432, '1111110': 11, '1111111': 380}","{'0000000': 16, '0000001': 400, '1111110': 26, '1111111': 400}","{'0000000': 25, '0000001': 385, '1111110': 44, '1111111': 327}","{'00000000': 7, '00000001': 445, '11111110': 11, '11111111': 384}","{'00000000': 25, '00000001': 386, '11111110': 26, '11111111': 324}","{'00000000': 21, '00000001': 333, '11111110': 36, '11111111': 300}","{'000000000': 6, '000000001': 435, '111111110': 16, '111111111': 381}","{'000000000': 31, '000000001': 360, '111111110': 19, '111111111': 330}","{'000000000': 17, '000000001': 325, '111111110': 27, '111111111': 285}","{'0000000000': 13, '0000000001': 384, '1111111110': 21, '1111111111': 355}","{'0000000000': 13, '0000000001': 359, '1111111110': 20, '1111111111': 313}","{'0000000000': 26, '0000000001': 271, '1111111110': 19, '1111111111': 286}","{'00000000000': 20, '00000000001': 346, '11111111110': 22, '11111111111': 384}","{'00000000000': 17, '00000000001': 315, '11111111110': 11, '11111111111': 295}","{'00000000000': 16, '00000000001': 180, '11111111110': 17, '11111111111': 221}","{'0000000000000000': 16, '0000000000000001': 293, '1111111111111110': 17, '1111111111111111': 273}","{'0000000000000000': 58, '0000000000000001': 193, '1111111111111110': 33, '1111111111111111': 157}","{'0000000000000000': 23, '0000000000000001': 145, '1111111111111110': 24, '1111111111111111': 145}","{'000000000000000000000': 23, '000000000000000000001': 217, '111111111111111111110': 16, '111111111111111111111': 215}","{'000000000000000000000': 21, '000000000000000000001': 114, '111111111111111111110': 11, '111111111111111111111': 104}","{'000000000000000000000': 24, '000000000000000000001': 48, '111111111111111111110': 13, '111111111111111111111': 39}"
set 56,"{'00000': 15, '00001': 441, '11110': 15, '11111': 470}","{'00000': 6, '00001': 444, '11110': 12, '11111': 424}","{'00000': 15, '00001': 455, '11110': 14, '11111': 424}","{'000000': 9, '000001': 444, '111110': 11, '111111': 456}","{'000000': 11, '000001': 419, '111110': 13, '111111': 445}","{'000000': 17, '000001': 408, '111110': 16, '111111': 413}","{'0000000': 17, '0000001': 419, '1111110': 21, '1111111': 429}","{'0000000': 14, '0000001': 407, '1111110': 24, '1111111': 384}","{'0000000': 24, '0000001': 348, '1111110': 35, '1111111': 366}","{'00000000': 22, '00000001': 404, '11111110': 11, '11111111': 378}","{'00000000': 29, '00000001': 349, '11111110': 23, '11111111': 321}","{'00000000': 33, '00000001': 301, '11111110': 21, '11111111': 267}","{'000000000': 19, '000000001': 379, '111111110': 17, '111111111': 363}","{'000000000': 23, '000000001': 367, '111111110': 17, '111111111': 315}","{'000000000': 20, '000000001': 305, '111111110': 18, '111111111': 306}","{'0000000000': 21, '0000000001': 378, '1111111110': 13, '1111111111': 371}","{'0000000000': 27, '0000000001': 338, '1111111110': 31, '1111111111': 324}","{'0000000000': 37, '0000000001': 276, '1111111110': 37, '1111111111': 243}","{'00000000000': 10, '00000000001': 366, '11111111110': 14, '11111111111': 352}","{'00000000000': 17, '00000000001': 286, '11111111110': 46, '11111111111': 291}","{'00000000000': 39, '00000000001': 228, '11111111110': 30, '11111111111': 209}","{'0000000000000000': 15, '0000000000000001': 301, '1111111111111110': 14, '1111111111111111': 295}","{'0000000000000000': 17, '0000000000000001': 188, '1111111111111110': 13, '1111111111111111': 188}","{'0000000000000000': 23, '0000000000000001': 128, '1111111111111110': 20, '1111111111111111': 126}","{'000000000000000000000': 30, '000000000000000000001': 206, '111111111111111111110': 12, '111111111111111111111': 201}","{'000000000000000000000': 21, '000000000000000000001': 82, '111111111111111111110': 24, '111111111111111111111': 106}","{'000000000000000000000': 12, '000000000000000000001': 46, '111111111111111111110': 9, '111111111111111111111': 51}"
set 57,"{'00000': 10, '00001': 461, '11110': 9, '11111': 459}","{'00000': 15, '00001': 431, '11110': 14, '11111': 434}","{'00000': 16, '00001': 443, '11110': 28, '11111': 402}","{'000000': 11, '000001': 458, '111110': 11, '111111': 447}","{'000000': 10, '000001': 447, '111110': 12, '111111': 426}","{'000000': 28, '000001': 407, '111110': 19, '111111': 379}","{'0000000': 21, '0000001': 399, '1111110': 14, '1111111': 421}","{'0000000': 40, '0000001': 363, '1111110': 23, '1111111': 368}","{'0000000': 27, '0000001': 370, '1111110': 20, '1111111': 364}","{'00000000': 9, '00000001': 414, '11111110': 14, '11111111': 389}","{'00000000': 19, '00000001': 386, '11111110': 19, '11111111': 352}","{'00000000': 42, '00000001': 277, '11111110': 25, '11111111': 316}","{'000000000': 13, '000000001': 377, '111111110': 11, '111111111': 411}","{'000000000': 18, '000000001': 356, '111111110': 21, '111111111': 325}","{'000000000': 35, '000000001': 286, '111111110': 25, '111111111': 318}","{'0000000000': 20, '0000000001': 394, '1111111110': 20, '1111111111': 355}","{'0000000000': 29, '0000000001': 322, '1111111110': 22, '1111111111': 291}","{'0000000000': 25, '0000000001': 276, '1111111110': 16, '1111111111': 288}","{'00000000000': 18, '00000000001': 383, '11111111110': 27, '11111111111': 308}","{'00000000000': 23, '00000000001': 298, '11111111110': 53, '11111111111': 236}","{'00000000000': 44, '00000000001': 198, '11111111110': 30, '11111111111': 222}","{'0000000000000000': 13, '0000000000000001': 317, '1111111111111110': 19, '1111111111111111': 265}","{'0000000000000000': 23, '0000000000000001': 165, '1111111111111110': 20, '1111111111111111': 184}","{'0000000000000000': 14, '0000000000000001': 129, '1111111111111110': 16, '1111111111111111': 150}","{'000000000000000000000': 27, '000000000000000000001': 199, '111111111111111111110': 22, '111111111111111111111': 199}","{'000000000000000000000': 14, '000000000000000000001': 128, '111111111111111111110': 21, '111111111111111111111': 68}","{'000000000000000000000': 11, '000000000000000000001': 30, '111111111111111111110': 3, '111111111111111111111': 30}"
set 58,"{'00000': 7, '00001': 496, '11110': 8, '11111': 452}","{'00000': 7, '00001': 442, '11110': 14, '11111': 455}","{'00000': 14, '00001': 426, '11110': 18, '11111': 432}","{'000000': 11, '000001': 438, '111110': 10, '111111': 456}","{'000000': 11, '000001': 440, '111110': 16, '111111': 437}","{'000000': 19, '000001': 417, '111110': 20, '111111': 392}","{'0000000': 25, '0000001': 409, '1111110': 14, '1111111': 426}","{'0000000': 19, '0000001': 413, '1111110': 21, '1111111': 376}","{'0000000': 17, '0000001': 374, '1111110': 21, '1111111': 363}","{'00000000': 8, '00000001': 400, '11111110': 18, '11111111': 413}","{'00000000': 23, '00000001': 389, '11111110': 12, '11111111': 336}","{'00000000': 34, '00000001': 303, '11111110': 30, '11111111': 308}","{'000000000': 19, '000000001': 376, '111111110': 12, '111111111': 392}","{'000000000': 24, '000000001': 358, '111111110': 15, '111111111': 360}","{'000000000': 20, '000000001': 281, '111111110': 21, '111111111': 295}","{'0000000000': 21, '0000000001': 382, '1111111110': 21, '1111111111': 362}","{'0000000000': 36, '0000000001': 325, '1111111110': 27, '1111111111': 289}","{'0000000000': 46, '0000000001': 255, '1111111110': 28, '1111111111': 290}","{'00000000000': 18, '00000000001': 362, '11111111110': 18, '11111111111': 358}","{'00000000000': 11, '00000000001': 244, '11111111110': 16, '11111111111': 243}","{'00000000000': 43, '00000000001': 220, '11111111110': 26, '11111111111': 211}","{'0000000000000000': 19, '0000000000000001': 319, '1111111111111110': 20, '1111111111111111': 261}","{'0000000000000000': 35, '0000000000000001': 220, '1111111111111110': 25, '1111111111111111': 182}","{'0000000000000000': 16, '0000000000000001': 115, '1111111111111110': 12, '1111111111111111': 83}","{'000000000000000000000': 31, '000000000000000000001': 225, '111111111111111111110': 20, '111111111111111111111': 203}","{'000000000000000000000': 26, '000000000000000000001': 95, '111111111111111111110': 14, '111111111111111111111': 94}","{'000000000000000000000': 12, '000000000000000000001': 50, '111111111111111111110': 9, '111111111111111111111': 50}"
set 59,"{'00000': 9, '00001': 449, '11110': 11, '11111': 477}","{'00000': 13, '00001': 460, '11110': 9, '11111': 446}","{'00000': 11, '00001': 451, '11110': 11, '11111': 434}","{'000000': 10, '000001': 433, '111110': 15, '111111': 460}","{'000000': 21, '000001': 432, '111110': 20, '111111': 429}","{'000000': 22, '000001': 389, '111110': 17, '111111': 419}","{'0000000': 15, '0000001': 369, '1111110': 29, '1111111': 443}","{'0000000': 17, '0000001': 375, '1111110': 25, '1111111': 403}","{'0000000': 24, '0000001': 367, '1111110': 21, '1111111': 344}","{'00000000': 11, '00000001': 425, '11111110': 13, '11111111': 389}","{'00000000': 26, '00000001': 402, '11111110': 16, '11111111': 325}","{'00000000': 31, '00000001': 300, '11111110': 15, '11111111': 293}","{'000000000': 16, '000000001': 387, '111111110': 14, '111111111': 417}","{'000000000': 15, '000000001': 365, '111111110': 19, '111111111': 344}","{'000000000': 21, '000000001': 294, '111111110': 26, '111111111': 260}","{'0000000000': 14, '0000000001': 373, '1111111110': 30, '1111111111': 362}","{'0000000000': 15, '0000000001': 292, '1111111110': 15, '1111111111': 353}","{'0000000000': 21, '0000000001': 297, '1111111110': 48, '1111111111': 227}","{'00000000000': 17, '00000000001': 364, '11111111110': 23, '11111111111': 360}","{'00000000000': 52, '00000000001': 228, '11111111110': 20, '11111111111': 299}","{'00000000000': 30, '00000000001': 266, '11111111110': 29, '11111111111': 224}","{'0000000000000000': 22, '0000000000000001': 308, '1111111111111110': 23, '1111111111111111': 238}","{'0000000000000000': 22, '0000000000000001': 170, '1111111111111110': 20, '1111111111111111': 187}","{'0000000000000000': 14, '0000000000000001': 159, '1111111111111110': 19, '1111111111111111': 169}","{'000000000000000000000': 31, '000000000000000000001': 216, '111111111111111111110': 17, '111111111111111111111': 187}","{'000000000000000000000': 19, '000000000000000000001': 108, '111111111111111111110': 12, '111111111111111111111': 84}","{'000000000000000000000': 17, '000000000000000000001': 58, '111111111111111111110': 7, '111111111111111111111': 51}"
set 60,"{'00000': 10, '00001': 498, '11110': 8, '11111': 427}","{'00000': 16, '00001': 430, '11110': 12, '11111': 437}","{'00000': 13, '00001': 435, '11110': 20, '11111': 426}","{'000000': 7, '000001': 474, '111110': 7, '111111': 419}","{'000000': 11, '000001': 428, '111110': 9, '111111': 434}","{'000000': 25, '000001': 404, '111110': 12, '111111': 407}","{'0000000': 40, '0000001': 397, '1111110': 20, '1111111': 400}","{'0000000': 26, '0000001': 378, '1111110': 19, '1111111': 357}","{'0000000': 49, '0000001': 346, '1111110': 30, '1111111': 339}","{'00000000': 11, '00000001': 424, '11111110': 7, '11111111': 392}","{'00000000': 15, '00000001': 373, '11111110': 21, '11111111': 328}","{'00000000': 19, '00000001': 326, '11111110': 37, '11111111': 290}","{'000000000': 7, '000000001': 407, '111111110': 6, '111111111': 414}","{'000000000': 12, '000000001': 340, '111111110': 26, '111111111': 333}","{'000000000': 27, '000000001': 299, '111111110': 25, '111111111': 271}","{'0000000000': 11, '0000000001': 415, '1111111110': 18, '1111111111': 347}","{'0000000000': 17, '0000000001': 313, '1111111110': 23, '1111111111': 306}","{'0000000000': 30, '0000000001': 278, '1111111110': 19, '1111111111': 206}","{'00000000000': 14, '00000000001': 398, '11111111110': 17, '11111111111': 345}","{'00000000000': 53, '00000000001': 237, '11111111110': 35, '11111111111': 268}","{'00000000000': 29, '00000000001': 200, '11111111110': 22, '11111111111': 196}","{'0000000000000000': 14, '0000000000000001': 269, '1111111111111110': 21, '1111111111111111': 275}","{'0000000000000000': 31, '0000000000000001': 202, '1111111111111110': 22, '1111111111111111': 170}","{'0000000000000000': 16, '0000000000000001': 142, '1111111111111110': 22, '1111111111111111': 116}","{'000000000000000000000': 14, '000000000000000000001': 237, '111111111111111111110': 22, '111111111111111111111': 177}","{'000000000000000000000': 18, '000000000000000000001': 111, '111111111111111111110': 22, '111111111111111111111': 101}","{'000000000000000000000': 6, '000000000000000000001': 59, '111111111111111111110': 13, '111111111111111111111': 44}"
set 61,"{'00000': 8, '00001': 472, '11110': 7, '11111': 459}","{'00000': 16, '00001': 464, '11110': 12, '11111': 432}","{'00000': 7, '00001': 430, '11110': 19, '11111': 450}","{'000000': 17, '000001': 429, '111110': 7, '111111': 446}","{'000000': 15, '000001': 430, '111110': 13, '111111': 429}","{'000000': 20, '000001': 402, '111110': 21, '111111': 389}","{'0000000': 28, '0000001': 408, '1111110': 18, '1111111': 436}","{'0000000': 24, '0000001': 405, '1111110': 19, '1111111': 380}","{'0000000': 28, '0000001': 353, '1111110': 16, '1111111': 344}","{'00000000': 16, '00000001': 406, '11111110': 15, '11111111': 380}","{'00000000': 20, '00000001': 346, '11111110': 15, '11111111': 348}","{'00000000': 50, '00000001': 281, '11111110': 13, '11111111': 326}","{'000000000': 28, '000000001': 388, '111111110': 16, '111111111': 400}","{'000000000': 27, '000000001': 355, '111111110': 18, '111111111': 340}","{'000000000': 38, '000000001': 271, '111111110': 25, '111111111': 296}","{'0000000000': 12, '0000000001': 413, '1111111110': 18, '1111111111': 354}","{'0000000000': 31, '0000000001': 320, '1111111110': 32, '1111111111': 297}","{'0000000000': 52, '0000000001': 250, '1111111110': 38, '1111111111': 243}","{'00000000000': 13, '00000000001': 349, '11111111110': 11, '11111111111': 347}","{'00000000000': 16, '00000000001': 290, '11111111110': 23, '11111111111': 267}","{'00000000000': 42, '00000000001': 196, '11111111110': 34, '11111111111': 241}","{'0000000000000000': 15, '0000000000000001': 294, '1111111111111110': 18, '1111111111111111': 246}","{'0000000000000000': 30, '0000000000000001': 169, '1111111111111110': 18, '1111111111111111': 186}","{'0000000000000000': 28, '0000000000000001': 139, '1111111111111110': 16, '1111111111111111': 152}","{'000000000000000000000': 30, '000000000000000000001': 203, '111111111111111111110': 14, '111111111111111111111': 180}","{'000000000000000000000': 22, '000000000000000000001': 94, '111111111111111111110': 14, '111111111111111111111': 92}","{'000000000000000000000': 12, '000000000000000000001': 51, '111111111111111111110': 11, '111111111111111111111': 49}"
set 62,"{'00000': 7, '00001': 449, '11110': 6, '11111': 464}","{'00000': 16, '00001': 473, '11110': 21, '11111': 423}","{'00000': 16, '00001': 428, '11110': 20, '11111': 439}","{'000000': 10, '000001': 482, '111110': 8, '111111': 421}","{'000000': 13, '000001': 428, '111110': 14, '111111': 438}","{'000000': 17, '000001': 400, '111110': 19, '111111': 407}","{'0000000': 15, '0000001': 436, '1111110': 16, '1111111': 411}","{'0000000': 37, '0000001': 376, '1111110': 24, '1111111': 369}","{'0000000': 84, '0000001': 299, '1111110': 22, '1111111': 358}","{'00000000': 12, '00000001': 403, '11111110': 14, '11111111': 401}","{'00000000': 33, '00000001': 352, '11111110': 29, '11111111': 293}","{'00000000': 33, '00000001': 292, '11111110': 28, '11111111': 301}","{'000000000': 12, '000000001': 373, '111111110': 12, '111111111': 418}","{'000000000': 12, '000000001': 343, '111111110': 15, '111111111': 327}","{'000000000': 19, '000000001': 323, '111111110': 13, '111111111': 275}","{'0000000000': 12, '0000000001': 391, '1111111110': 17, '1111111111': 365}","{'0000000000': 11, '0000000001': 322, '1111111110': 22, '1111111111': 293}","{'0000000000': 29, '0000000001': 287, '1111111110': 35, '1111111111': 264}","{'00000000000': 13, '00000000001': 352, '11111111110': 27, '11111111111': 353}","{'00000000000': 30, '00000000001': 253, '11111111110': 18, '11111111111': 264}","{'00000000000': 36, '00000000001': 234, '11111111110': 36, '11111111111': 235}","{'0000000000000000': 14, '0000000000000001': 284, '1111111111111110': 17, '1111111111111111': 287}","{'0000000000000000': 34, '0000000000000001': 189, '1111111111111110': 21, '1111111111111111': 172}","{'0000000000000000': 24, '0000000000000001': 106, '1111111111111110': 30, '1111111111111111': 123}","{'000000000000000000000': 31, '000000000000000000001': 215, '111111111111111111110': 22, '111111111111111111111': 227}","{'000000000000000000000': 16, '000000000000000000001': 122, '111111111111111111110': 19, '111111111111111111111': 111}","{'000000000000000000000': 8, '000000000000000000001': 45, '111111111111111111110': 13, '111111111111111111111': 42}"
set 63,"{'00000': 9, '00001': 471, '11110': 7, '11111': 468}","{'00000': 23, '00001': 449, '11110': 12, '11111': 425}","{'00000': 14, '00001': 438, '11110': 13, '11111': 409}","{'000000': 10, '000001': 452, '111110': 7, '111111': 445}","{'000000': 13, '000001': 468, '111110': 6, '111111': 408}","{'000000': 18, '000001': 403, '111110': 30, '111111': 404}","{'0000000': 18, '0000001': 416, '1111110': 10, '1111111': 431}","{'0000000': 29, '0000001': 385, '1111110': 36, '1111111': 344}","{'0000000': 26, '0000001': 338, '1111110': 25, '1111111': 339}","{'00000000': 13, '00000001': 406, '11111110': 8, '11111111': 392}","{'00000000': 29, '00000001': 332, '11111110': 28, '11111111': 342}","{'00000000': 17, '00000001': 330, '11111110': 20, '11111111': 255}","{'000000000': 10, '000000001': 388, '111111110': 18, '111111111': 394}","{'000000000': 14, '000000001': 349, '111111110': 17, '111111111': 348}","{'000000000': 22, '000000001': 302, '111111110': 22, '111111111': 300}","{'0000000000': 17, '0000000001': 375, '1111111110': 21, '1111111111': 373}","{'0000000000': 27, '0000000001': 304, '1111111110': 21, '1111111111': 319}","{'0000000000': 27, '0000000001': 281, '1111111110': 29, '1111111111': 280}","{'00000000000': 15, '00000000001': 361, '11111111110': 10, '11111111111': 368}","{'00000000000': 16, '00000000001': 261, '11111111110': 16, '11111111111': 286}","{'00000000000': 14, '00000000001': 217, '11111111110': 14, '11111111111': 215}","{'0000000000000000': 11, '0000000000000001': 299, '1111111111111110': 16, '1111111111111111': 268}","{'0000000000000000': 20, '0000000000000001': 189, '1111111111111110': 13, '1111111111111111': 163}","{'0000000000000000': 9, '0000000000000001': 159, '1111111111111110': 25, '1111111111111111': 138}","{'000000000000000000000': 14, '000000000000000000001': 219, '111111111111111111110': 14, '111111111111111111111': 209}","{'000000000000000000000': 21, '000000000000000000001': 118, '111111111111111111110': 20, '111111111111111111111': 97}","{'000000000000000000000': 9, '000000000000000000001': 54, '111111111111111111110': 11, '111111111111111111111': 41}"
set 64,"{'00000': 9, '00001': 484, '11110': 14, '11111': 440}","{'00000': 18, '00001': 453, '11110': 17, '11111': 428}","{'00000': 12, '00001': 445, '11110': 9, '11111': 433}","{'000000': 10, '000001': 460, '111110': 8, '111111': 444}","{'000000': 20, '000001': 430, '111110': 15, '111111': 428}","{'000000': 27, '000001': 397, '111110': 36, '111111': 406}","{'0000000': 24, '0000001': 431, '1111110': 36, '1111111': 418}","{'0000000': 18, '0000001': 388, '1111110': 25, '1111111': 388}","{'0000000': 30, '0000001': 364, '1111110': 62, '1111111': 342}","{'00000000': 16, '00000001': 439, '11111110': 9, '11111111': 350}","{'00000000': 23, '00000001': 349, '11111110': 17, '11111111': 358}","{'00000000': 22, '00000001': 327, '11111110': 22, '11111111': 321}","{'000000000': 14, '000000001': 442, '111111110': 6, '111111111': 374}","{'000000000': 20, '000000001': 360, '111111110': 24, '111111111': 323}","{'000000000': 22, '000000001': 293, '111111110': 26, '111111111': 321}","{'0000000000': 18, '0000000001': 406, '1111111110': 19, '1111111111': 359}","{'0000000000': 27, '0000000001': 329, '1111111110': 17, '1111111111': 308}","{'0000000000': 14, '0000000001': 286, '1111111110': 25, '1111111111': 278}","{'00000000000': 11, '00000000001': 344, '11111111110': 14, '11111111111': 341}","{'00000000000': 27, '00000000001': 256, '11111111110': 30, '11111111111': 250}","{'00000000000': 27, '00000000001': 243, '11111111110': 26, '11111111111': 261}","{'0000000000000000': 24, '0000000000000001': 256, '1111111111111110': 16, '1111111111111111': 270}","{'0000000000000000': 25, '0000000000000001': 218, '1111111111111110': 17, '1111111111111111': 209}","{'0000000000000000': 19, '0000000000000001': 128, '1111111111111110': 22, '1111111111111111': 99}","{'000000000000000000000': 33, '000000000000000000001': 207, '111111111111111111110': 19, '111111111111111111111': 202}","{'000000000000000000000': 21, '000000000000000000001': 99, '111111111111111111110': 15, '111111111111111111111': 106}","{'000000000000000000000': 11, '000000000000000000001': 53, '111111111111111111110': 13, '111111111111111111111': 41}"
set 65,"{'00000': 4, '00001': 432, '11110': 11, '11111': 490}","{'00000': 6, '00001': 453, '11110': 18, '11111': 443}","{'00000': 22, '00001': 413, '11110': 17, '11111': 442}","{'000000': 8, '000001': 456, '111110': 14, '111111': 443}","{'000000': 14, '000001': 439, '111110': 16, '111111': 418}","{'000000': 26, '000001': 407, '111110': 26, '111111': 400}","{'0000000': 25, '0000001': 404, '1111110': 25, '1111111': 406}","{'0000000': 26, '0000001': 417, '1111110': 34, '1111111': 349}","{'0000000': 40, '0000001': 357, '1111110': 18, '1111111': 356}","{'00000000': 12, '00000001': 422, '11111110': 17, '11111111': 377}","{'00000000': 25, '00000001': 367, '11111110': 22, '11111111': 343}","{'00000000': 41, '00000001': 264, '11111110': 26, '11111111': 286}","{'000000000': 15, '000000001': 401, '111111110': 13, '111111111': 399}","{'000000000': 16, '000000001': 375, '111111110': 18, '111111111': 304}","{'000000000': 15, '000000001': 321, '111111110': 28, '111111111': 276}","{'0000000000': 22, '0000000001': 369, '1111111110': 14, '1111111111': 374}","{'0000000000': 15, '0000000001': 330, '1111111110': 17, '1111111111': 308}","{'0000000000': 22, '0000000001': 295, '1111111110': 14, '1111111111': 242}","{'00000000000': 30, '00000000001': 338, '11111111110': 19, '11111111111': 360}","{'00000000000': 45, '00000000001': 269, '11111111110': 22, '11111111111': 291}","{'00000000000': 19, '00000000001': 245, '11111111110': 34, '11111111111': 206}","{'0000000000000000': 17, '0000000000000001': 295, '1111111111111110': 19, '1111111111111111': 273}","{'0000000000000000': 28, '0000000000000001': 196, '1111111111111110': 31, '1111111111111111': 157}","{'0000000000000000': 25, '0000000000000001': 128, '1111111111111110': 13, '1111111111111111': 142}","{'000000000000000000000': 17, '000000000000000000001': 224, '111111111111111111110': 16, '111111111111111111111': 193}","{'000000000000000000000': 15, '000000000000000000001': 102, '111111111111111111110': 16, '111111111111111111111': 113}","{'000000000000000000000': 13, '000000000000000000001': 58, '111111111111111111110': 11, '111111111111111111111': 56}"
set 66,"{'00000': 13, '00001': 453, '11110': 8, '11111': 452}","{'00000': 13, '00001': 452, '11110': 6, '11111': 434}","{'00000': 15, '00001': 455, '11110': 18, '11111': 409}","{'000000': 10, '000001': 464, '111110': 14, '111111': 449}","{'000000': 12, '000001': 439, '111110': 13, '111111': 416}","{'000000': 14, '000001': 422, '111110': 17, '111111': 403}","{'0000000': 20, '0000001': 416, '1111110': 18, '1111111': 421}","{'0000000': 25, '0000001': 388, '1111110': 33, '1111111': 396}","{'0000000': 21, '0000001': 364, '1111110': 24, '1111111': 346}","{'00000000': 18, '00000001': 399, '11111110': 11, '11111111': 413}","{'00000000': 16, '00000001': 382, '11111110': 35, '11111111': 333}","{'00000000': 27, '00000001': 303, '11111110': 38, '11111111': 262}","{'000000000': 15, '000000001': 411, '111111110': 12, '111111111': 357}","{'000000000': 19, '000000001': 332, '111111110': 19, '111111111': 342}","{'000000000': 21, '000000001': 326, '111111110': 14, '111111111': 271}","{'0000000000': 19, '0000000001': 382, '1111111110': 12, '1111111111': 379}","{'0000000000': 18, '0000000001': 336, '1111111110': 32, '1111111111': 296}","{'0000000000': 39, '0000000001': 296, '1111111110': 27, '1111111111': 269}","{'00000000000': 16, '00000000001': 390, '11111111110': 16, '11111111111': 346}","{'00000000000': 23, '00000000001': 321, '11111111110': 14, '11111111111': 285}","{'00000000000': 28, '00000000001': 236, '11111111110': 20, '11111111111': 217}","{'0000000000000000': 27, '0000000000000001': 289, '1111111111111110': 14, '1111111111111111': 272}","{'0000000000000000': 32, '0000000000000001': 215, '1111111111111110': 16, '1111111111111111': 179}","{'0000000000000000': 12, '0000000000000001': 96, '1111111111111110': 4, '1111111111111111': 70}","{'000000000000000000000': 37, '000000000000000000001': 207, '111111111111111111110': 13, '111111111111111111111': 225}","{'000000000000000000000': 23, '000000000000000000001': 107, '111111111111111111110': 13, '111111111111111111111': 112}","{'000000000000000000000': 11, '000000000000000000001': 50, '111111111111111111110': 9, '111111111111111111111': 46}"
set 67,"{'00000': 10, '00001': 442, '11110': 9, '11111': 486}","{'00000': 8, '00001': 433, '11110': 13, '11111': 462}","{'00000': 15, '00001': 446, '11110': 9, '11111': 427}","{'000000': 16, '000001': 469, '111110': 8, '111111': 415}","{'000000': 14, '000001': 450, '111110': 20, '111111': 412}","{'000000': 20, '000001': 434, '111110': 19, '111111': 370}","{'0000000': 20, '0000001': 438, '1111110': 14, '1111111': 388}","{'0000000': 24, '0000001': 384, '1111110': 25, '1111111': 392}","{'0000000': 24, '0000001': 379, '1111110': 25, '1111111': 341}","{'00000000': 15, '00000001': 401, '11111110': 15, '11111111': 398}","{'00000000': 35, '00000001': 364, '11111110': 21, '11111111': 324}","{'00000000': 17, '00000001': 306, '11111110': 17, '11111111': 320}","{'000000000': 13, '000000001': 382, '111111110': 16, '111111111': 401}","{'000000000': 20, '000000001': 368, '111111110': 16, '111111111': 312}","{'000000000': 20, '000000001': 298, '111111110': 17, '111111111': 289}","{'0000000000': 12, '0000000001': 433, '1111111110': 9, '1111111111': 348}","{'0000000000': 18, '0000000001': 324, '1111111110': 28, '1111111111': 284}","{'0000000000': 31, '0000000001': 285, '1111111110': 21, '1111111111': 275}","{'00000000000': 15, '00000000001': 359, '11111111110': 20, '11111111111': 349}","{'00000000000': 21, '00000000001': 281, '11111111110': 15, '11111111111': 254}","{'00000000000': 19, '00000000001': 217, '11111111110': 25, '11111111111': 183}","{'0000000000000000': 9, '0000000000000001': 282, '1111111111111110': 20, '1111111111111111': 263}","{'0000000000000000': 19, '0000000000000001': 201, '1111111111111110': 27, '1111111111111111': 157}","{'0000000000000000': 19, '0000000000000001': 109, '1111111111111110': 22, '1111111111111111': 116}","{'000000000000000000000': 24, '000000000000000000001': 210, '111111111111111111110': 18, '111111111111111111111': 210}","{'000000000000000000000': 18, '000000000000000000001': 120, '111111111111111111110': 24, '111111111111111111111': 104}","{'000000000000000000000': 12, '000000000000000000001': 40, '111111111111111111110': 12, '111111111111111111111': 65}"
set 68,"{'00000': 17, '00001': 462, '11110': 13, '11111': 456}","{'00000': 14, '00001': 477, '11110': 11, '11111': 421}","{'00000': 17, '00001': 471, '11110': 13, '11111': 416}","{'000000': 6, '000001': 494, '111110': 7, '111111': 419}","{'000000': 12, '000001': 417, '111110': 17, '111111': 450}","{'000000': 20, '000001': 421, '111110': 16, '111111': 388}","{'0000000': 29, '0000001': 418, '1111110': 11, '1111111': 407}","{'0000000': 25, '0000001': 373, '1111110': 25, '1111111': 390}","{'0000000': 34, '0000001': 351, '1111110': 20, '1111111': 342}","{'00000000': 22, '00000001': 409, '11111110': 18, '11111111': 389}","{'00000000': 19, '00000001': 358, '11111110': 23, '11111111': 356}","{'00000000': 25, '00000001': 309, '11111110': 22, '11111111': 323}","{'000000000': 10, '000000001': 439, '111111110': 8, '111111111': 382}","{'000000000': 16, '000000001': 350, '111111110': 30, '111111111': 354}","{'000000000': 24, '000000001': 313, '111111110': 15, '111111111': 294}","{'0000000000': 14, '0000000001': 412, '1111111110': 12, '1111111111': 381}","{'0000000000': 17, '0000000001': 376, '1111111110': 26, '1111111111': 297}","{'0000000000': 24, '0000000001': 283, '1111111110': 24, '1111111111': 251}","{'00000000000': 13, '00000000001': 338, '11111111110': 19, '11111111111': 360}","{'00000000000': 38, '00000000001': 301, '11111111110': 37, '11111111111': 289}","{'00000000000': 22, '00000000001': 232, '11111111110': 24, '11111111111': 202}","{'0000000000000000': 21, '0000000000000001': 300, '1111111111111110': 25, '1111111111111111': 271}","{'0000000000000000': 19, '0000000000000001': 207, '1111111111111110': 27, '1111111111111111': 203}","{'0000000000000000': 20, '0000000000000001': 118, '1111111111111110': 11, '1111111111111111': 128}","{'000000000000000000000': 21, '000000000000000000001': 210, '111111111111111111110': 13, '111111111111111111111': 205}","{'000000000000000000000': 16, '000000000000000000001': 100, '111111111111111111110': 15, '111111111111111111111': 91}","{'000000000000000000000': 10, '000000000000000000001': 33, '111111111111111111110': 3, '111111111111111111111': 36}"
set 69,"{'00000': 8, '00001': 455, '11110': 15, '11111': 472}","{'00000': 15, '00001': 468, '11110': 6, '11111': 434}","{'00000': 11, '00001': 445, '11110': 12, '11111': 428}","{'000000': 11, '000001': 438, '111110': 11, '111111': 444}","{'000000': 24, '000001': 441, '111110': 13, '111111': 395}","{'000000': 24, '000001': 395, '111110': 16, '111111': 397}","{'0000000': 45, '0000001': 380, '1111110': 23, '1111111': 413}","{'0000000': 31, '0000001': 386, '1111110': 25, '1111111': 397}","{'0000000': 25, '0000001': 367, '1111110': 22, '1111111': 339}","{'00000000': 27, '00000001': 413, '11111110': 10, '11111111': 354}","{'00000000': 35, '00000001': 319, '11111110': 27, '11111111': 342}","{'00000000': 24, '00000001': 369, '11111110': 29, '11111111': 303}","{'000000000': 16, '000000001': 401, '111111110': 11, '111111111': 388}","{'000000000': 16, '000000001': 381, '111111110': 17, '111111111': 351}","{'000000000': 14, '000000001': 316, '111111110': 14, '111111111': 300}","{'0000000000': 13, '0000000001': 394, '1111111110': 17, '1111111111': 362}","{'0000000000': 23, '0000000001': 353, '1111111110': 14, '1111111111': 310}","{'0000000000': 14, '0000000001': 278, '1111111110': 33, '1111111111': 271}","{'00000000000': 19, '00000000001': 370, '11111111110': 19, '11111111111': 353}","{'00000000000': 19, '00000000001': 253, '11111111110': 25, '11111111111': 289}","{'00000000000': 16, '00000000001': 256, '11111111110': 29, '11111111111': 215}","{'0000000000000000': 14, '0000000000000001': 284, '1111111111111110': 15, '1111111111111111': 272}","{'0000000000000000': 27, '0000000000000001': 210, '1111111111111110': 16, '1111111111111111': 156}","{'0000000000000000': 31, '0000000000000001': 139, '1111111111111110': 24, '1111111111111111': 122}","{'000000000000000000000': 20, '000000000000000000001': 221, '111111111111111111110': 13, '111111111111111111111': 194}","{'000000000000000000000': 11, '000000000000000000001': 125, '111111111111111111110': 18, '111111111111111111111': 106}","{'000000000000000000000': 4, '000000000000000000001': 56, '111111111111111111110': 7, '111111111111111111111': 52}"
set 70,"{'00000': 0, '00001': 437, '11110': 11, '11111': 486}","{'00000': 17, '00001': 439, '11110': 14, '11111': 455}","{'00000': 16, '00001': 437, '11110': 10, '11111': 447}","{'000000': 11, '000001': 453, '111110': 8, '111111': 459}","{'000000': 17, '000001': 427, '111110': 11, '111111': 431}","{'000000': 29, '000001': 414, '111110': 28, '111111': 385}","{'0000000': 23, '0000001': 417, '1111110': 17, '1111111': 400}","{'0000000': 20, '0000001': 396, '1111110': 19, '1111111': 392}","{'0000000': 40, '0000001': 336, '1111110': 18, '1111111': 346}","{'00000000': 11, '00000001': 428, '11111110': 13, '11111111': 405}","{'00000000': 32, '00000001': 347, '11111110': 20, '11111111': 352}","{'00000000': 32, '00000001': 326, '11111110': 18, '11111111': 307}","{'000000000': 11, '000000001': 425, '111111110': 17, '111111111': 372}","{'000000000': 18, '000000001': 343, '111111110': 18, '111111111': 331}","{'000000000': 36, '000000001': 295, '111111110': 13, '111111111': 303}","{'0000000000': 15, '0000000001': 360, '1111111110': 15, '1111111111': 377}","{'0000000000': 17, '0000000001': 339, '1111111110': 19, '1111111111': 306}","{'0000000000': 25, '0000000001': 267, '1111111110': 29, '1111111111': 258}","{'00000000000': 16, '00000000001': 380, '11111111110': 14, '11111111111': 315}","{'00000000000': 21, '00000000001': 292, '11111111110': 20, '11111111111': 270}","{'00000000000': 22, '00000000001': 212, '11111111110': 44, '11111111111': 203}","{'0000000000000000': 29, '0000000000000001': 294, '1111111111111110': 21, '1111111111111111': 248}","{'0000000000000000': 21, '0000000000000001': 220, '1111111111111110': 18, '1111111111111111': 212}","{'0000000000000000': 12, '0000000000000001': 135, '1111111111111110': 24, '1111111111111111': 116}","{'000000000000000000000': 27, '000000000000000000001': 221, '111111111111111111110': 16, '111111111111111111111': 189}","{'000000000000000000000': 13, '000000000000000000001': 126, '111111111111111111110': 10, '111111111111111111111': 108}","{'000000000000000000000': 15, '000000000000000000001': 48, '111111111111111111110': 11, '111111111111111111111': 54}"
set 71,"{'00000': 14, '00001': 468, '11110': 11, '11111': 452}","{'00000': 14, '00001': 495, '11110': 9, '11111': 418}","{'00000': 12, '00001': 430, '11110': 16, '11111': 437}","{'000000': 17, '000001': 440, '111110': 14, '111111': 457}","{'000000': 10, '000001': 420, '111110': 10, '111111': 443}","{'000000': 25, '000001': 433, '111110': 15, '111111': 391}","{'0000000': 19, '0000001': 420, '1111110': 29, '1111111': 418}","{'0000000': 19, '0000001': 420, '1111110': 14, '1111111': 395}","{'0000000': 17, '0000001': 369, '1111110': 31, '1111111': 334}","{'00000000': 7, '00000001': 405, '11111110': 12, '11111111': 424}","{'00000000': 18, '00000001': 371, '11111110': 23, '11111111': 314}","{'00000000': 31, '00000001': 317, '11111110': 27, '11111111': 316}","{'000000000': 15, '000000001': 410, '111111110': 10, '111111111': 389}","{'000000000': 16, '000000001': 363, '111111110': 20, '111111111': 352}","{'000000000': 30, '000000001': 285, '111111110': 47, '111111111': 270}","{'0000000000': 22, '0000000001': 373, '1111111110': 21, '1111111111': 368}","{'0000000000': 18, '0000000001': 315, '1111111110': 19, '1111111111': 305}","{'0000000000': 22, '0000000001': 263, '1111111110': 23, '1111111111': 289}","{'00000000000': 24, '00000000001': 372, '11111111110': 13, '11111111111': 368}","{'00000000000': 17, '00000000001': 286, '11111111110': 16, '11111111111': 244}","{'00000000000': 29, '00000000001': 204, '11111111110': 47, '11111111111': 217}","{'0000000000000000': 16, '0000000000000001': 295, '1111111111111110': 11, '1111111111111111': 252}","{'0000000000000000': 19, '0000000000000001': 188, '1111111111111110': 14, '1111111111111111': 184}","{'0000000000000000': 32, '0000000000000001': 137, '1111111111111110': 16, '1111111111111111': 94}","{'000000000000000000000': 33, '000000000000000000001': 223, '111111111111111111110': 12, '111111111111111111111': 187}","{'000000000000000000000': 11, '000000000000000000001': 114, '111111111111111111110': 9, '111111111111111111111': 105}","{'000000000000000000000': 15, '000000000000000000001': 47, '111111111111111111110': 13, '111111111111111111111': 43}"
set 72,"{'00000': 10, '00001': 461, '11110': 5, '11111': 463}","{'00000': 13, '00001': 456, '11110': 11, '11111': 431}","{'00000': 14, '00001': 438, '11110': 17, '11111': 409}","{'000000': 11, '000001': 472, '111110': 15, '111111': 415}","{'000000': 11, '000001': 438, '111110': 12, '111111': 421}","{'000000': 17, '000001': 420, '111110': 21, '111111': 413}","{'0000000': 40, '0000001': 417, '1111110': 16, '1111111': 392}","{'0000000': 27, '0000001': 377, '1111110': 28, '1111111': 381}","{'0000000': 19, '0000001': 361, '1111110': 28, '1111111': 366}","{'00000000': 15, '00000001': 404, '11111110': 13, '11111111': 397}","{'00000000': 13, '00000001': 337, '11111110': 21, '11111111': 331}","{'00000000': 22, '00000001': 311, '11111110': 22, '11111111': 295}","{'000000000': 19, '000000001': 378, '111111110': 23, '111111111': 377}","{'000000000': 18, '000000001': 329, '111111110': 16, '111111111': 323}","{'000000000': 24, '000000001': 323, '111111110': 17, '111111111': 283}","{'0000000000': 24, '0000000001': 386, '1111111110': 13, '1111111111': 356}","{'0000000000': 13, '0000000001': 331, '1111111110': 8, '1111111111': 304}","{'0000000000': 20, '0000000001': 301, '1111111110': 20, '1111111111': 284}","{'00000000000': 22, '00000000001': 361, '11111111110': 22, '11111111111': 344}","{'00000000000': 23, '00000000001': 296, '11111111110': 21, '11111111111': 298}","{'00000000000': 26, '00000000001': 234, '11111111110': 49, '11111111111': 229}","{'0000000000000000': 17, '0000000000000001': 313, '1111111111111110': 11, '1111111111111111': 252}","{'0000000000000000': 22, '0000000000000001': 200, '1111111111111110': 28, '1111111111111111': 172}","{'0000000000000000': 25, '0000000000000001': 148, '1111111111111110': 19, '1111111111111111': 125}","{'000000000000000000000': 28, '000000000000000000001': 207, '111111111111111111110': 23, '111111111111111111111': 206}","{'000000000000000000000': 19, '000000000000000000001': 122, '111111111111111111110': 20, '111111111111111111111': 103}","{'000000000000000000000': 6, '000000000000000000001': 52, '111111111111111111110': 12, '111111111111111111111': 48}"
set 73,"{'00000': 7, '00001': 460, '11110': 15, '11111': 453}","{'00000': 13, '00001': 441, '11110': 7, '11111': 456}","{'00000': 12, '00001': 441, '11110': 15, '11111': 428}","{'000000': 20, '000001': 425, '111110': 15, '111111': 446}","{'000000': 16, '000001': 442, '111110': 17, '111111': 421}","{'000000': 21, '000001': 424, '111110': 23, '111111': 387}","{'0000000': 33, '0000001': 429, '1111110': 10, '1111111': 400}","{'0000000': 18, '0000001': 381, '1111110': 20, '1111111': 397}","{'0000000': 42, '0000001': 340, '1111110': 33, '1111111': 365}","{'00000000': 6, '00000001': 416, '11111110': 14, '11111111': 396}","{'00000000': 26, '00000001': 345, '11111110': 15, '11111111': 342}","{'00000000': 29, '00000001': 321, '11111110': 24, '11111111': 315}","{'000000000': 13, '000000001': 417, '111111110': 5, '111111111': 369}","{'000000000': 16, '000000001': 383, '111111110': 13, '111111111': 329}","{'000000000': 30, '000000001': 318, '111111110': 16, '111111111': 272}","{'0000000000': 14, '0000000001': 405, '1111111110': 14, '1111111111': 358}","{'0000000000': 24, '0000000001': 315, '1111111110': 37, '1111111111': 314}","{'0000000000': 19, '0000000001': 269, '1111111110': 16, '1111111111': 255}","{'00000000000': 24, '00000000001': 335, '11111111110': 13, '11111111111': 349}","{'00000000000': 22, '00000000001': 322, '11111111110': 17, '11111111111': 295}","{'00000000000': 28, '00000000001': 189, '11111111110': 35, '11111111111': 197}","{'0000000000000000': 20, '0000000000000001': 293, '1111111111111110': 20, '1111111111111111': 275}","{'0000000000000000': 24, '0000000000000001': 202, '1111111111111110': 15, '1111111111111111': 166}","{'0000000000000000': 15, '0000000000000001': 161, '1111111111111110': 17, '1111111111111111': 119}","{'000000000000000000000': 28, '000000000000000000001': 188, '111111111111111111110': 17, '111111111111111111111': 191}","{'000000000000000000000': 16, '000000000000000000001': 146, '111111111111111111110': 17, '111111111111111111111': 118}","{'000000000000000000000': 16, '000000000000000000001': 44, '111111111111111111110': 11, '111111111111111111111': 50}"
set 74,"{'00000': 7, '00001': 468, '11110': 12, '11111': 463}","{'00000': 15, '00001': 449, '11110': 7, '11111': 433}","{'00000': 10, '00001': 452, '11110': 13, '11111': 416}","{'000000': 13, '000001': 469, '111110': 11, '111111': 423}","{'000000': 13, '000001': 438, '111110': 8, '111111': 440}","{'000000': 18, '000001': 424, '111110': 30, '111111': 402}","{'0000000': 20, '0000001': 426, '1111110': 18, '1111111': 431}","{'0000000': 23, '0000001': 408, '1111110': 22, '1111111': 374}","{'0000000': 46, '0000001': 345, '1111110': 26, '1111111': 336}","{'00000000': 20, '00000001': 442, '11111110': 18, '11111111': 354}","{'00000000': 19, '00000001': 350, '11111110': 9, '11111111': 389}","{'00000000': 44, '00000001': 328, '11111110': 44, '11111111': 266}","{'000000000': 15, '000000001': 402, '111111110': 17, '111111111': 374}","{'000000000': 26, '000000001': 355, '111111110': 21, '111111111': 344}","{'000000000': 17, '000000001': 339, '111111110': 21, '111111111': 293}","{'0000000000': 10, '0000000001': 365, '1111111110': 28, '1111111111': 376}","{'0000000000': 17, '0000000001': 338, '1111111110': 22, '1111111111': 289}","{'0000000000': 28, '0000000001': 236, '1111111110': 29, '1111111111': 260}","{'00000000000': 7, '00000000001': 377, '11111111110': 23, '11111111111': 345}","{'00000000000': 30, '00000000001': 268, '11111111110': 45, '11111111111': 265}","{'00000000000': 51, '00000000001': 197, '11111111110': 50, '11111111111': 220}","{'0000000000000000': 24, '0000000000000001': 285, '1111111111111110': 10, '1111111111111111': 264}","{'0000000000000000': 20, '0000000000000001': 187, '1111111111111110': 15, '1111111111111111': 207}","{'0000000000000000': 14, '0000000000000001': 128, '1111111111111110': 14, '1111111111111111': 129}","{'000000000000000000000': 13, '000000000000000000001': 216, '111111111111111111110': 26, '111111111111111111111': 188}","{'000000000000000000000': 19, '000000000000000000001': 111, '111111111111111111110': 15, '111111111111111111111': 116}","{'000000000000000000000': 15, '000000000000000000001': 45, '111111111111111111110': 17, '111111111111111111111': 41}"
set 75,"{'00000': 9, '00001': 459, '11110': 9, '11111': 469}","{'00000': 12, '00001': 472, '11110': 8, '11111': 424}","{'00000': 15, '00001': 435, '11110': 21, '11111': 419}","{'000000': 11, '000001': 477, '111110': 14, '111111': 437}","{'000000': 11, '000001': 459, '111110': 11, '111111': 409}","{'000000': 29, '000001': 394, '111110': 30, '111111': 397}","{'0000000': 42, '0000001': 395, '1111110': 30, '1111111': 402}","{'0000000': 37, '0000001': 364, '1111110': 22, '1111111': 382}","{'0000000': 23, '0000001': 394, '1111110': 24, '1111111': 348}","{'00000000': 15, '00000001': 378, '11111110': 11, '11111111': 405}","{'00000000': 15, '00000001': 343, '11111110': 15, '11111111': 357}","{'00000000': 27, '00000001': 312, '11111110': 31, '11111111': 276}","{'000000000': 15, '000000001': 439, '111111110': 17, '111111111': 353}","{'000000000': 19, '000000001': 332, '111111110': 18, '111111111': 334}","{'000000000': 16, '000000001': 327, '111111110': 34, '111111111': 300}","{'0000000000': 22, '0000000001': 366, '1111111110': 13, '1111111111': 350}","{'0000000000': 30, '0000000001': 313, '1111111110': 19, '1111111111': 290}","{'0000000000': 24, '0000000001': 296, '1111111110': 19, '1111111111': 259}","{'00000000000': 27, '00000000001': 392, '11111111110': 22, '11111111111': 350}","{'00000000000': 19, '00000000001': 312, '11111111110': 20, '11111111111': 301}","{'00000000000': 19, '00000000001': 207, '11111111110': 26, '11111111111': 204}","{'0000000000000000': 31, '0000000000000001': 297, '1111111111111110': 16, '1111111111111111': 274}","{'0000000000000000': 17, '0000000000000001': 208, '1111111111111110': 22, '1111111111111111': 178}","{'0000000000000000': 25, '0000000000000001': 141, '1111111111111110': 36, '1111111111111111': 141}","{'000000000000000000000': 17, '000000000000000000001': 220, '111111111111111111110': 16, '111111111111111111111': 160}","{'000000000000000000000': 10, '000000000000000000001': 126, '111111111111111111110': 21, '111111111111111111111': 71}","{'000000000000000000000': 14, '000000000000000000001': 46, '111111111111111111110': 18, '111111111111111111111': 43}"
set 76,"{'00000': 12, '00001': 460, '11110': 7, '11111': 473}","{'00000': 14, '00001': 450, '11110': 18, '11111': 438}","{'00000': 19, '00001': 421, '11110': 16, '11111': 434}","{'000000': 9, '000001': 469, '111110': 10, '111111': 440}","{'000000': 18, '000001': 423, '111110': 15, '111111': 423}","{'000000': 20, '000001': 421, '111110': 12, '111111': 413}","{'0000000': 31, '0000001': 412, '1111110': 15, '1111111': 421}","{'0000000': 19, '0000001': 397, '1111110': 20, '1111111': 404}","{'0000000': 21, '0000001': 355, '1111110': 24, '1111111': 362}","{'00000000': 10, '00000001': 404, '11111110': 13, '11111111': 396}","{'00000000': 22, '00000001': 369, '11111110': 20, '11111111': 335}","{'00000000': 30, '00000001': 300, '11111110': 27, '11111111': 264}","{'000000000': 16, '000000001': 395, '111111110': 22, '111111111': 387}","{'000000000': 20, '000000001': 366, '111111110': 17, '111111111': 335}","{'000000000': 34, '000000001': 279, '111111110': 25, '111111111': 281}","{'0000000000': 12, '0000000001': 391, '1111111110': 24, '1111111111': 377}","{'0000000000': 19, '0000000001': 359, '1111111110': 12, '1111111111': 266}","{'0000000000': 16, '0000000001': 234, '1111111110': 24, '1111111111': 266}","{'00000000000': 17, '00000000001': 369, '11111111110': 13, '11111111111': 346}","{'00000000000': 25, '00000000001': 253, '11111111110': 29, '11111111111': 243}","{'00000000000': 18, '00000000001': 192, '11111111110': 23, '11111111111': 210}","{'0000000000000000': 17, '0000000000000001': 294, '1111111111111110': 14, '1111111111111111': 259}","{'0000000000000000': 27, '0000000000000001': 183, '1111111111111110': 19, '1111111111111111': 189}","{'0000000000000000': 21, '0000000000000001': 158, '1111111111111110': 17, '1111111111111111': 135}","{'000000000000000000000': 26, '000000000000000000001': 210, '111111111111111111110': 17, '111111111111111111111': 189}","{'000000000000000000000': 26, '000000000000000000001': 98, '111111111111111111110': 18, '111111111111111111111': 85}","{'000000000000000000000': 11, '000000000000000000001': 48, '111111111111111111110': 12, '111111111111111111111': 50}"
set 77,"{'00000': 11, '00001': 475, '11110': 6, '11111': 444}","{'00000': 10, '00001': 456, '11110': 10, '11111': 415}","{'00000': 19, '00001': 415, '11110': 19, '11111': 453}","{'000000': 11, '000001': 463, '111110': 7, '111111': 453}","{'000000': 13, '000001': 464, '111110': 15, '111111': 404}","{'000000': 18, '000001': 411, '111110': 20, '111111': 398}","{'0000000': 28, '0000001': 431, '1111110': 20, '1111111': 400}","{'0000000': 24, '0000001': 395, '1111110': 17, '1111111': 389}","{'0000000': 24, '0000001': 359, '1111110': 15, '1111111': 327}","{'00000000': 17, '00000001': 421, '11111110': 16, '11111111': 378}","{'00000000': 21, '00000001': 373, '11111110': 30, '11111111': 337}","{'00000000': 24, '00000001': 269, '11111110': 38, '11111111': 317}","{'000000000': 16, '000000001': 404, '111111110': 6, '111111111': 380}","{'000000000': 12, '000000001': 347, '111111110': 20, '111111111': 336}","{'000000000': 16, '000000001': 335, '111111110': 28, '111111111': 270}","{'0000000000': 15, '0000000001': 415, '1111111110': 10, '1111111111': 378}","{'0000000000': 28, '0000000001': 302, '1111111110': 17, '1111111111': 308}","{'0000000000': 23, '0000000001': 251, '1111111110': 30, '1111111111': 243}","{'00000000000': 24, '00000000001': 373, '11111111110': 23, '11111111111': 349}","{'00000000000': 49, '00000000001': 252, '11111111110': 26, '11111111111': 279}","{'00000000000': 22, '00000000001': 277, '11111111110': 22, '11111111111': 200}","{'0000000000000000': 15, '0000000000000001': 289, '1111111111111110': 19, '1111111111111111': 234}","{'0000000000000000': 13, '0000000000000001': 217, '1111111111111110': 18, '1111111111111111': 202}","{'0000000000000000': 34, '0000000000000001': 89, '1111111111111110': 24, '1111111111111111': 125}","{'000000000000000000000': 29, '000000000000000000001': 227, '111111111111111111110': 28, '111111111111111111111': 202}","{'000000000000000000000': 16, '000000000000000000001': 121, '111111111111111111110': 11, '111111111111111111111': 108}","{'000000000000000000000': 12, '000000000000000000001': 63, '111111111111111111110': 4, '111111111111111111111': 43}"
set 78,"{'00000': 7, '00001': 477, '11110': 3, '11111': 476}","{'00000': 11, '00001': 450, '11110': 12, '11111': 447}","{'00000': 20, '00001': 446, '11110': 12, '11111': 414}","{'000000': 12, '000001': 433, '111110': 4, '111111': 471}","{'000000': 14, '000001': 424, '111110': 15, '111111': 447}","{'000000': 19, '000001': 422, '111110': 15, '111111': 396}","{'0000000': 19, '0000001': 431, '1111110': 30, '1111111': 377}","{'0000000': 43, '0000001': 381, '1111110': 29, '1111111': 381}","{'0000000': 26, '0000001': 390, '1111110': 22, '1111111': 341}","{'00000000': 22, '00000001': 375, '11111110': 5, '11111111': 405}","{'00000000': 17, '00000001': 355, '11111110': 26, '11111111': 329}","{'00000000': 36, '00000001': 287, '11111110': 37, '11111111': 278}","{'000000000': 8, '000000001': 415, '111111110': 13, '111111111': 379}","{'000000000': 18, '000000001': 356, '111111110': 24, '111111111': 375}","{'000000000': 23, '000000001': 321, '111111110': 7, '111111111': 307}","{'0000000000': 15, '0000000001': 409, '1111111110': 16, '1111111111': 366}","{'0000000000': 12, '0000000001': 334, '1111111110': 22, '1111111111': 291}","{'0000000000': 39, '0000000001': 269, '1111111110': 39, '1111111111': 271}","{'00000000000': 21, '00000000001': 347, '11111111110': 15, '11111111111': 332}","{'00000000000': 31, '00000000001': 280, '11111111110': 28, '11111111111': 228}","{'00000000000': 24, '00000000001': 217, '11111111110': 42, '11111111111': 233}","{'0000000000000000': 22, '0000000000000001': 269, '1111111111111110': 14, '1111111111111111': 278}","{'0000000000000000': 34, '0000000000000001': 163, '1111111111111110': 27, '1111111111111111': 149}","{'0000000000000000': 40, '0000000000000001': 126, '1111111111111110': 29, '1111111111111111': 124}","{'000000000000000000000': 19, '000000000000000000001': 206, '111111111111111111110': 24, '111111111111111111111': 173}","{'000000000000000000000': 22, '000000000000000000001': 111, '111111111111111111110': 22, '111111111111111111111': 98}","{'000000000000000000000': 11, '000000000000000000001': 37, '111111111111111111110': 5, '111111111111111111111': 46}"
set 79,"{'00000': 11, '00001': 487, '11110': 5, '11111': 444}","{'00000': 13, '00001': 461, '11110': 15, '11111': 430}","{'00000': 17, '00001': 442, '11110': 16, '11111': 443}","{'000000': 7, '000001': 455, '111110': 11, '111111': 454}","{'000000': 16, '000001': 424, '111110': 9, '111111': 429}","{'000000': 28, '000001': 389, '111110': 21, '111111': 400}","{'0000000': 16, '0000001': 421, '1111110': 27, '1111111': 416}","{'0000000': 30, '0000001': 398, '1111110': 20, '1111111': 366}","{'0000000': 19, '0000001': 364, '1111110': 24, '1111111': 361}","{'00000000': 16, '00000001': 392, '11111110': 17, '11111111': 385}","{'00000000': 21, '00000001': 377, '11111110': 19, '11111111': 345}","{'00000000': 25, '00000001': 300, '11111110': 34, '11111111': 252}","{'000000000': 15, '000000001': 386, '111111110': 12, '111111111': 404}","{'000000000': 28, '000000001': 354, '111111110': 24, '111111111': 362}","{'000000000': 22, '000000001': 306, '111111110': 27, '111111111': 312}","{'0000000000': 19, '0000000001': 403, '1111111110': 31, '1111111111': 363}","{'0000000000': 16, '0000000001': 327, '1111111110': 14, '1111111111': 309}","{'0000000000': 16, '0000000001': 304, '1111111110': 40, '1111111111': 232}","{'00000000000': 17, '00000000001': 369, '11111111110': 26, '11111111111': 335}","{'00000000000': 28, '00000000001': 308, '11111111110': 18, '11111111111': 289}","{'00000000000': 36, '00000000001': 213, '11111111110': 19, '11111111111': 181}","{'0000000000000000': 11, '0000000000000001': 307, '1111111111111110': 11, '1111111111111111': 274}","{'0000000000000000': 25, '0000000000000001': 165, '1111111111111110': 28, '1111111111111111': 173}","{'0000000000000000': 18, '0000000000000001': 108, '1111111111111110': 25, '1111111111111111': 120}","{'000000000000000000000': 13, '000000000000000000001': 223, '111111111111111111110': 10, '111111111111111111111': 183}","{'000000000000000000000': 15, '000000000000000000001': 109, '111111111111111111110': 18, '111111111111111111111': 111}","{'000000000000000000000': 11, '000000000000000000001': 50, '111111111111111111110': 11, '111111111111111111111': 40}"
set 80,"{'00000': 9, '00001': 470, '11110': 6, '11111': 472}","{'00000': 14, '00001': 447, '11110': 13, '11111': 446}","{'00000': 16, '00001': 440, '11110': 11, '11111': 415}","{'000000': 21, '000001': 456, '111110': 7, '111111': 448}","{'000000': 9, '000001': 433, '111110': 16, '111111': 434}","{'000000': 19, '000001': 431, '111110': 22, '111111': 392}","{'0000000': 39, '0000001': 410, '1111110': 20, '1111111': 402}","{'0000000': 22, '0000001': 399, '1111110': 17, '1111111': 398}","{'0000000': 44, '0000001': 352, '1111110': 26, '1111111': 338}","{'00000000': 24, '00000001': 386, '11111110': 12, '11111111': 415}","{'00000000': 16, '00000001': 328, '11111110': 13, '11111111': 391}","{'00000000': 57, '00000001': 289, '11111110': 30, '11111111': 285}","{'000000000': 15, '000000001': 404, '111111110': 13, '111111111': 386}","{'000000000': 24, '000000001': 342, '111111110': 18, '111111111': 358}","{'000000000': 30, '000000001': 264, '111111110': 35, '111111111': 316}","{'0000000000': 17, '0000000001': 410, '1111111110': 10, '1111111111': 352}","{'0000000000': 20, '0000000001': 331, '1111111110': 37, '1111111111': 288}","{'0000000000': 19, '0000000001': 273, '1111111110': 24, '1111111111': 220}","{'00000000000': 14, '00000000001': 359, '11111111110': 17, '11111111111': 354}","{'00000000000': 23, '00000000001': 302, '11111111110': 15, '11111111111': 279}","{'00000000000': 23, '00000000001': 222, '11111111110': 24, '11111111111': 260}","{'0000000000000000': 24, '0000000000000001': 286, '1111111111111110': 21, '1111111111111111': 263}","{'0000000000000000': 42, '0000000000000001': 196, '1111111111111110': 42, '1111111111111111': 173}","{'0000000000000000': 18, '0000000000000001': 130, '1111111111111110': 11, '1111111111111111': 132}","{'000000000000000000000': 29, '000000000000000000001': 202, '111111111111111111110': 19, '111111111111111111111': 188}","{'000000000000000000000': 19, '000000000000000000001': 111, '111111111111111111110': 16, '111111111111111111111': 93}","{'000000000000000000000': 15, '000000000000000000001': 46, '111111111111111111110': 14, '111111111111111111111': 49}"
set 81,"{'00000': 9, '00001': 463, '11110': 10, '11111': 459}","{'00000': 11, '00001': 458, '11110': 9, '11111': 448}","{'00000': 11, '00001': 420, '11110': 14, '11111': 432}","{'000000': 18, '000001': 459, '111110': 14, '111111': 418}","{'000000': 16, '000001': 443, '111110': 12, '111111': 414}","{'000000': 22, '000001': 421, '111110': 12, '111111': 405}","{'0000000': 29, '0000001': 411, '1111110': 17, '1111111': 411}","{'0000000': 31, '0000001': 400, '1111110': 25, '1111111': 362}","{'0000000': 41, '0000001': 347, '1111110': 50, '1111111': 355}","{'00000000': 15, '00000001': 404, '11111110': 14, '11111111': 394}","{'00000000': 18, '00000001': 347, '11111110': 18, '11111111': 381}","{'00000000': 21, '00000001': 298, '11111110': 23, '11111111': 309}","{'000000000': 15, '000000001': 400, '111111110': 8, '111111111': 383}","{'000000000': 16, '000000001': 376, '111111110': 12, '111111111': 335}","{'000000000': 18, '000000001': 297, '111111110': 20, '111111111': 305}","{'0000000000': 21, '0000000001': 358, '1111111110': 21, '1111111111': 399}","{'0000000000': 22, '0000000001': 318, '1111111110': 16, '1111111111': 333}","{'0000000000': 23, '0000000001': 269, '1111111110': 20, '1111111111': 218}","{'00000000000': 22, '00000000001': 370, '11111111110': 17, '11111111111': 364}","{'00000000000': 26, '00000000001': 255, '11111111110': 68, '11111111111': 243}","{'00000000000': 29, '00000000001': 232, '11111111110': 35, '11111111111': 232}","{'0000000000000000': 21, '0000000000000001': 291, '1111111111111110': 23, '1111111111111111': 264}","{'0000000000000000': 34, '0000000000000001': 196, '1111111111111110': 33, '1111111111111111': 191}","{'0000000000000000': 11, '0000000000000001': 129, '1111111111111110': 20, '1111111111111111': 143}","{'000000000000000000000': 30, '000000000000000000001': 228, '111111111111111111110': 20, '111111111111111111111': 199}","{'000000000000000000000': 25, '000000000000000000001': 103, '111111111111111111110': 30, '111111111111111111111': 126}","{'000000000000000000000': 18, '000000000000000000001': 57, '111111111111111111110': 10, '111111111111111111111': 49}"
set 82,"{'00000': 7, '00001': 466, '11110': 5, '11111': 454}","{'00000': 14, '00001': 472, '11110': 10, '11111': 434}","{'00000': 12, '00001': 424, '11110': 13, '11111': 433}","{'000000': 8, '000001': 454, '111110': 13, '111111': 450}","{'000000': 8, '000001': 444, '111110': 12, '111111': 432}","{'000000': 20, '000001': 410, '111110': 25, '111111': 384}","{'0000000': 15, '0000001': 410, '1111110': 24, '1111111': 391}","{'0000000': 34, '0000001': 406, '1111110': 26, '1111111': 349}","{'0000000': 34, '0000001': 364, '1111110': 25, '1111111': 337}","{'00000000': 21, '00000001': 399, '11111110': 18, '11111111': 392}","{'00000000': 20, '00000001': 366, '11111110': 21, '11111111': 333}","{'00000000': 23, '00000001': 305, '11111110': 23, '11111111': 289}","{'000000000': 14, '000000001': 414, '111111110': 17, '111111111': 366}","{'000000000': 14, '000000001': 320, '111111110': 19, '111111111': 343}","{'000000000': 20, '000000001': 307, '111111110': 25, '111111111': 256}","{'0000000000': 15, '0000000001': 419, '1111111110': 11, '1111111111': 361}","{'0000000000': 19, '0000000001': 284, '1111111110': 19, '1111111111': 334}","{'0000000000': 107, '0000000001': 253, '1111111110': 21, '1111111111': 277}","{'00000000000': 21, '00000000001': 378, '11111111110': 18, '11111111111': 318}","{'00000000000': 29, '00000000001': 299, '11111111110': 33, '11111111111': 276}","{'00000000000': 29, '00000000001': 243, '11111111110': 24, '11111111111': 235}","{'0000000000000000': 23, '0000000000000001': 289, '1111111111111110': 16, '1111111111111111': 263}","{'0000000000000000': 25, '0000000000000001': 205, '1111111111111110': 22, '1111111111111111': 196}","{'0000000000000000': 26, '0000000000000001': 130, '1111111111111110': 10, '1111111111111111': 120}","{'000000000000000000000': 31, '000000000000000000001': 223, '111111111111111111110': 23, '111111111111111111111': 181}","{'000000000000000000000': 25, '000000000000000000001': 91, '111111111111111111110': 15, '111111111111111111111': 123}","{'000000000000000000000': 13, '000000000000000000001': 44, '111111111111111111110': 9, '111111111111111111111': 40}"
set 83,"{'00000': 4, '00001': 469, '11110': 13, '11111': 458}","{'00000': 11, '00001': 444, '11110': 11, '11111': 456}","{'00000': 14, '00001': 437, '11110': 13, '11111': 420}","{'000000': 19, '000001': 463, '111110': 13, '111111': 419}","{'000000': 6, '000001': 431, '111110': 18, '111111': 466}","{'000000': 22, '000001': 406, '111110': 22, '111111': 423}","{'0000000': 18, '0000001': 405, '1111110': 26, '1111111': 421}","{'0000000': 17, '0000001': 408, '1111110': 29, '1111111': 375}","{'0000000': 26, '0000001': 343, '1111110': 29, '1111111': 341}","{'00000000': 14, '00000001': 416, '11111110': 18, '11111111': 381}","{'00000000': 16, '00000001': 389, '11111110': 20, '11111111': 368}","{'00000000': 25, '00000001': 272, '11111110': 30, '11111111': 285}","{'000000000': 13, '000000001': 385, '111111110': 17, '111111111': 378}","{'000000000': 19, '000000001': 378, '111111110': 15, '111111111': 336}","{'000000000': 15, '000000001': 337, '111111110': 22, '111111111': 274}","{'0000000000': 20, '0000000001': 399, '1111111110': 15, '1111111111': 380}","{'0000000000': 16, '0000000001': 339, '1111111110': 19, '1111111111': 285}","{'0000000000': 41, '0000000001': 230, '1111111110': 25, '1111111111': 281}","{'00000000000': 15, '00000000001': 338, '11111111110': 16, '11111111111': 361}","{'00000000000': 27, '00000000001': 340, '11111111110': 13, '11111111111': 289}","{'00000000000': 41, '00000000001': 218, '11111111110': 60, '11111111111': 212}","{'0000000000000000': 26, '0000000000000001': 282, '1111111111111110': 30, '1111111111111111': 248}","{'0000000000000000': 30, '0000000000000001': 195, '1111111111111110': 17, '1111111111111111': 182}","{'0000000000000000': 20, '0000000000000001': 155, '1111111111111110': 16, '1111111111111111': 121}","{'000000000000000000000': 32, '000000000000000000001': 199, '111111111111111111110': 19, '111111111111111111111': 205}","{'000000000000000000000': 16, '000000000000000000001': 116, '111111111111111111110': 17, '111111111111111111111': 110}","{'000000000000000000000': 8, '000000000000000000001': 48, '111111111111111111110': 9, '111111111111111111111': 35}"
set 84,"{'00000': 16, '00001': 453, '11110': 5, '11111': 458}","{'00000': 11, '00001': 449, '11110': 9, '11111': 439}","{'00000': 18, '00001': 448, '11110': 13, '11111': 435}","{'000000': 13, '000001': 458, '111110': 8, '111111': 440}","{'000000': 15, '000001': 436, '111110': 10, '111111': 439}","{'000000': 10, '000001': 416, '111110': 16, '111111': 417}","{'0000000': 14, '0000001': 446, '1111110': 17, '1111111': 402}","{'0000000': 19, '0000001': 414, '1111110': 22, '1111111': 364}","{'0000000': 25, '0000001': 334, '1111110': 26, '1111111': 404}","{'00000000': 25, '00000001': 406, '11111110': 26, '11111111': 372}","{'00000000': 24, '00000001': 390, '11111110': 19, '11111111': 296}","{'00000000': 18, '00000001': 329, '11111110': 25, '11111111': 285}","{'000000000': 8, '000000001': 391, '111111110': 19, '111111111': 400}","{'000000000': 21, '000000001': 325, '111111110': 20, '111111111': 334}","{'000000000': 25, '000000001': 308, '111111110': 23, '111111111': 297}","{'0000000000': 8, '0000000001': 390, '1111111110': 14, '1111111111': 374}","{'0000000000': 34, '0000000001': 305, '1111111110': 24, '1111111111': 301}","{'0000000000': 31, '0000000001': 312, '1111111110': 21, '1111111111': 290}","{'00000000000': 14, '00000000001': 401, '11111111110': 6, '11111111111': 338}","{'00000000000': 21, '00000000001': 293, '11111111110': 19, '11111111111': 255}","{'00000000000': 23, '00000000001': 267, '11111111110': 28, '11111111111': 237}","{'0000000000000000': 14, '0000000000000001': 295, '1111111111111110': 18, '1111111111111111': 243}","{'0000000000000000': 30, '0000000000000001': 228, '1111111111111110': 31, '1111111111111111': 193}","{'0000000000000000': 27, '0000000000000001': 133, '1111111111111110': 28, '1111111111111111': 88}","{'000000000000000000000': 34, '000000000000000000001': 193, '111111111111111111110': 17, '111111111111111111111': 180}","{'000000000000000000000': 12, '000000000000000000001': 110, '111111111111111111110': 8, '111111111111111111111': 87}","{'000000000000000000000': 12, '000000000000000000001': 45, '111111111111111111110': 12, '111111111111111111111': 48}"
set 85,"{'00000': 13, '00001': 481, '11110': 12, '11111': 444}","{'00000': 19, '00001': 491, '11110': 14, '11111': 407}","{'00000': 17, '00001': 450, '11110': 16, '11111': 422}","{'000000': 18, '000001': 459, '111110': 11, '111111': 435}","{'000000': 8, '000001': 466, '111110': 14, '111111': 399}","{'000000': 27, '000001': 411, '111110': 18, '111111': 388}","{'0000000': 21, '0000001': 429, '1111110': 14, '1111111': 401}","{'0000000': 34, '0000001': 388, '1111110': 22, '1111111': 363}","{'0000000': 29, '0000001': 363, '1111110': 26, '1111111': 370}","{'00000000': 15, '00000001': 393, '11111110': 14, '11111111': 394}","{'00000000': 26, '00000001': 347, '11111110': 12, '11111111': 367}","{'00000000': 31, '00000001': 322, '11111110': 29, '11111111': 305}","{'000000000': 12, '000000001': 426, '111111110': 11, '111111111': 358}","{'000000000': 13, '000000001': 324, '111111110': 21, '111111111': 334}","{'000000000': 23, '000000001': 310, '111111110': 30, '111111111': 297}","{'0000000000': 16, '0000000001': 416, '1111111110': 29, '1111111111': 348}","{'0000000000': 24, '0000000001': 311, '1111111110': 32, '1111111111': 311}","{'0000000000': 15, '0000000001': 292, '1111111110': 26, '1111111111': 280}","{'00000000000': 18, '00000000001': 368, '11111111110': 18, '11111111111': 354}","{'00000000000': 29, '00000000001': 291, '11111111110': 22, '11111111111': 324}","{'00000000000': 22, '00000000001': 202, '11111111110': 25, '11111111111': 218}","{'0000000000000000': 15, '0000000000000001': 286, '1111111111111110': 10, '1111111111111111': 247}","{'0000000000000000': 21, '0000000000000001': 216, '1111111111111110': 20, '1111111111111111': 179}","{'0000000000000000': 21, '0000000000000001': 160, '1111111111111110': 19, '1111111111111111': 147}","{'000000000000000000000': 19, '000000000000000000001': 237, '111111111111111111110': 10, '111111111111111111111': 195}","{'000000000000000000000': 15, '000000000000000000001': 101, '111111111111111111110': 6, '111111111111111111111': 87}","{'000000000000000000000': 11, '000000000000000000001': 49, '111111111111111111110': 10, '111111111111111111111': 27}"
set 86,"{'00000': 11, '00001': 434, '11110': 10, '11111': 487}","{'00000': 16, '00001': 450, '11110': 15, '11111': 451}","{'00000': 12, '00001': 437, '11110': 16, '11111': 433}","{'000000': 10, '000001': 448, '111110': 9, '111111': 442}","{'000000': 21, '000001': 434, '111110': 10, '111111': 429}","{'000000': 17, '000001': 416, '111110': 17, '111111': 407}","{'0000000': 32, '0000001': 404, '1111110': 20, '1111111': 435}","{'0000000': 46, '0000001': 373, '1111110': 33, '1111111': 360}","{'0000000': 36, '0000001': 301, '1111110': 29, '1111111': 329}","{'00000000': 13, '00000001': 393, '11111110': 12, '11111111': 403}","{'00000000': 22, '00000001': 370, '11111110': 17, '11111111': 352}","{'00000000': 23, '00000001': 313, '11111110': 34, '11111111': 313}","{'000000000': 16, '000000001': 426, '111111110': 14, '111111111': 362}","{'000000000': 22, '000000001': 337, '111111110': 19, '111111111': 342}","{'000000000': 23, '000000001': 333, '111111110': 23, '111111111': 289}","{'0000000000': 16, '0000000001': 374, '1111111110': 17, '1111111111': 375}","{'0000000000': 17, '0000000001': 373, '1111111110': 18, '1111111111': 311}","{'0000000000': 28, '0000000001': 305, '1111111110': 33, '1111111111': 243}","{'00000000000': 25, '00000000001': 366, '11111111110': 18, '11111111111': 318}","{'00000000000': 25, '00000000001': 308, '11111111110': 28, '11111111111': 261}","{'00000000000': 29, '00000000001': 237, '11111111110': 14, '11111111111': 164}","{'0000000000000000': 25, '0000000000000001': 303, '1111111111111110': 14, '1111111111111111': 248}","{'0000000000000000': 21, '0000000000000001': 191, '1111111111111110': 23, '1111111111111111': 175}","{'0000000000000000': 28, '0000000000000001': 128, '1111111111111110': 24, '1111111111111111': 121}","{'000000000000000000000': 26, '000000000000000000001': 224, '111111111111111111110': 16, '111111111111111111111': 173}","{'000000000000000000000': 19, '000000000000000000001': 112, '111111111111111111110': 11, '111111111111111111111': 107}","{'000000000000000000000': 10, '000000000000000000001': 60, '111111111111111111110': 13, '111111111111111111111': 40}"
set 87,"{'00000': 4, '00001': 489, '11110': 6, '11111': 459}","{'00000': 9, '00001': 452, '11110': 7, '11111': 470}","{'00000': 25, '00001': 431, '11110': 22, '11111': 399}","{'000000': 11, '000001': 465, '111110': 7, '111111': 449}","{'000000': 18, '000001': 399, '111110': 17, '111111': 448}","{'000000': 19, '000001': 438, '111110': 20, '111111': 374}","{'0000000': 16, '0000001': 440, '1111110': 24, '1111111': 398}","{'0000000': 28, '0000001': 391, '1111110': 11, '1111111': 390}","{'0000000': 24, '0000001': 336, '1111110': 37, '1111111': 344}","{'00000000': 14, '00000001': 387, '11111110': 10, '11111111': 391}","{'00000000': 23, '00000001': 383, '11111110': 27, '11111111': 340}","{'00000000': 9, '00000001': 324, '11111110': 13, '11111111': 328}","{'000000000': 16, '000000001': 388, '111111110': 16, '111111111': 389}","{'000000000': 20, '000000001': 338, '111111110': 10, '111111111': 333}","{'000000000': 22, '000000001': 319, '111111110': 18, '111111111': 288}","{'0000000000': 15, '0000000001': 400, '1111111110': 24, '1111111111': 345}","{'0000000000': 21, '0000000001': 342, '1111111110': 22, '1111111111': 294}","{'0000000000': 50, '0000000001': 232, '1111111110': 34, '1111111111': 260}","{'00000000000': 10, '00000000001': 394, '11111111110': 16, '11111111111': 365}","{'00000000000': 27, '00000000001': 276, '11111111110': 12, '11111111111': 252}","{'00000000000': 16, '00000000001': 126, '11111111110': 26, '11111111111': 179}","{'0000000000000000': 26, '0000000000000001': 305, '1111111111111110': 24, '1111111111111111': 274}","{'0000000000000000': 26, '0000000000000001': 199, '1111111111111110': 18, '1111111111111111': 167}","{'0000000000000000': 47, '0000000000000001': 99, '1111111111111110': 40, '1111111111111111': 104}","{'000000000000000000000': 27, '000000000000000000001': 223, '111111111111111111110': 22, '111111111111111111111': 185}","{'000000000000000000000': 15, '000000000000000000001': 118, '111111111111111111110': 20, '111111111111111111111': 109}","{'000000000000000000000': 18, '000000000000000000001': 34, '111111111111111111110': 11, '111111111111111111111': 35}"
set 88,"{'00000': 12, '00001': 463, '11110': 10, '11111': 443}","{'00000': 13, '00001': 451, '11110': 9, '11111': 439}","{'00000': 18, '00001': 432, '11110': 14, '11111': 438}","{'000000': 14, '000001': 443, '111110': 12, '111111': 441}","{'000000': 11, '000001': 466, '111110': 10, '111111': 424}","{'000000': 21, '000001': 409, '111110': 28, '111111': 395}","{'0000000': 18, '0000001': 393, '1111110': 29, '1111111': 429}","{'0000000': 15, '0000001': 405, '1111110': 14, '1111111': 370}","{'0000000': 34, '0000001': 358, '1111110': 26, '1111111': 348}","{'00000000': 14, '00000001': 413, '11111110': 19, '11111111': 367}","{'00000000': 22, '00000001': 381, '11111110': 29, '11111111': 340}","{'00000000': 30, '00000001': 329, '11111110': 15, '11111111': 323}","{'000000000': 14, '000000001': 390, '111111110': 18, '111111111': 391}","{'000000000': 13, '000000001': 348, '111111110': 15, '111111111': 360}","{'000000000': 22, '000000001': 330, '111111110': 18, '111111111': 300}","{'0000000000': 16, '0000000001': 392, '1111111110': 20, '1111111111': 372}","{'0000000000': 50, '0000000001': 282, '1111111110': 34, '1111111111': 292}","{'0000000000': 18, '0000000001': 268, '1111111110': 43, '1111111111': 248}","{'00000000000': 25, '00000000001': 357, '11111111110': 14, '11111111111': 325}","{'00000000000': 23, '00000000001': 302, '11111111110': 31, '11111111111': 228}","{'00000000000': 39, '00000000001': 208, '11111111110': 57, '11111111111': 163}","{'0000000000000000': 21, '0000000000000001': 285, '1111111111111110': 13, '1111111111111111': 271}","{'0000000000000000': 22, '0000000000000001': 204, '1111111111111110': 21, '1111111111111111': 188}","{'0000000000000000': 39, '0000000000000001': 131, '1111111111111110': 25, '1111111111111111': 105}","{'000000000000000000000': 19, '000000000000000000001': 212, '111111111111111111110': 17, '111111111111111111111': 173}","{'000000000000000000000': 11, '000000000000000000001': 115, '111111111111111111110': 18, '111111111111111111111': 99}","{'000000000000000000000': 18, '000000000000000000001': 65, '111111111111111111110': 14, '111111111111111111111': 50}"
set 89,"{'00000': 3, '00001': 483, '11110': 14, '11111': 449}","{'00000': 12, '00001': 483, '11110': 13, '11111': 420}","{'00000': 22, '00001': 430, '11110': 23, '11111': 428}","{'000000': 11, '000001': 453, '111110': 14, '111111': 447}","{'000000': 14, '000001': 437, '111110': 12, '111111': 414}","{'000000': 22, '000001': 412, '111110': 19, '111111': 417}","{'0000000': 19, '0000001': 422, '1111110': 12, '1111111': 436}","{'0000000': 41, '0000001': 387, '1111110': 16, '1111111': 364}","{'0000000': 29, '0000001': 342, '1111110': 34, '1111111': 334}","{'00000000': 14, '00000001': 426, '11111110': 10, '11111111': 384}","{'00000000': 24, '00000001': 355, '11111110': 22, '11111111': 386}","{'00000000': 51, '00000001': 289, '11111110': 20, '11111111': 336}","{'000000000': 18, '000000001': 397, '111111110': 9, '111111111': 386}","{'000000000': 15, '000000001': 369, '111111110': 20, '111111111': 338}","{'000000000': 30, '000000001': 318, '111111110': 24, '111111111': 286}","{'0000000000': 16, '0000000001': 390, '1111111110': 17, '1111111111': 392}","{'0000000000': 26, '0000000001': 341, '1111111110': 28, '1111111111': 281}","{'0000000000': 16, '0000000001': 272, '1111111110': 18, '1111111111': 289}","{'00000000000': 15, '00000000001': 344, '11111111110': 19, '11111111111': 353}","{'00000000000': 24, '00000000001': 275, '11111111110': 46, '11111111111': 279}","{'00000000000': 60, '00000000001': 193, '11111111110': 43, '11111111111': 213}","{'0000000000000000': 20, '0000000000000001': 296, '1111111111111110': 17, '1111111111111111': 261}","{'0000000000000000': 30, '0000000000000001': 219, '1111111111111110': 27, '1111111111111111': 151}","{'0000000000000000': 14, '0000000000000001': 93, '1111111111111110': 14, '1111111111111111': 94}","{'000000000000000000000': 25, '000000000000000000001': 206, '111111111111111111110': 19, '111111111111111111111': 192}","{'000000000000000000000': 15, '000000000000000000001': 128, '111111111111111111110': 13, '111111111111111111111': 102}","{'000000000000000000000': 8, '000000000000000000001': 49, '111111111111111111110': 9, '111111111111111111111': 39}"
set 90,"{'00000': 12, '00001': 446, '11110': 12, '11111': 467}","{'00000': 11, '00001': 442, '11110': 6, '11111': 430}","{'00000': 15, '00001': 430, '11110': 18, '11111': 456}","{'000000': 16, '000001': 467, '111110': 15, '111111': 417}","{'000000': 11, '000001': 440, '111110': 15, '111111': 425}","{'000000': 16, '000001': 410, '111110': 24, '111111': 403}","{'0000000': 33, '0000001': 404, '1111110': 29, '1111111': 400}","{'0000000': 32, '0000001': 396, '1111110': 22, '1111111': 373}","{'0000000': 43, '0000001': 339, '1111110': 35, '1111111': 316}","{'00000000': 14, '00000001': 387, '11111110': 12, '11111111': 385}","{'00000000': 22, '00000001': 358, '11111110': 22, '11111111': 322}","{'00000000': 22, '00000001': 329, '11111110': 27, '11111111': 270}","{'000000000': 12, '000000001': 425, '111111110': 6, '111111111': 366}","{'000000000': 20, '000000001': 338, '111111110': 27, '111111111': 332}","{'000000000': 21, '000000001': 314, '111111110': 21, '111111111': 297}","{'0000000000': 13, '0000000001': 392, '1111111110': 17, '1111111111': 384}","{'0000000000': 14, '0000000001': 341, '1111111110': 15, '1111111111': 301}","{'0000000000': 14, '0000000001': 247, '1111111110': 16, '1111111111': 252}","{'00000000000': 17, '00000000001': 347, '11111111110': 22, '11111111111': 356}","{'00000000000': 21, '00000000001': 317, '11111111110': 34, '11111111111': 262}","{'00000000000': 28, '00000000001': 244, '11111111110': 34, '11111111111': 221}","{'0000000000000000': 15, '0000000000000001': 288, '1111111111111110': 19, '1111111111111111': 243}","{'0000000000000000': 18, '0000000000000001': 227, '1111111111111110': 23, '1111111111111111': 203}","{'0000000000000000': 16, '0000000000000001': 113, '1111111111111110': 22, '1111111111111111': 101}","{'000000000000000000000': 30, '000000000000000000001': 232, '111111111111111111110': 25, '111111111111111111111': 194}","{'000000000000000000000': 14, '000000000000000000001': 104, '111111111111111111110': 20, '111111111111111111111': 114}","{'000000000000000000000': 18, '000000000000000000001': 49, '111111111111111111110': 9, '111111111111111111111': 32}"
set 91,"{'00000': 10, '00001': 468, '11110': 11, '11111': 451}","{'00000': 14, '00001': 448, '11110': 11, '11111': 458}","{'00000': 16, '00001': 432, '11110': 15, '11111': 428}","{'000000': 5, '000001': 462, '111110': 11, '111111': 434}","{'000000': 13, '000001': 446, '111110': 17, '111111': 424}","{'000000': 21, '000001': 404, '111110': 25, '111111': 419}","{'0000000': 21, '0000001': 442, '1111110': 11, '1111111': 380}","{'0000000': 38, '0000001': 409, '1111110': 25, '1111111': 365}","{'0000000': 76, '0000001': 301, '1111110': 22, '1111111': 344}","{'00000000': 16, '00000001': 394, '11111110': 19, '11111111': 398}","{'00000000': 30, '00000001': 351, '11111110': 27, '11111111': 320}","{'00000000': 27, '00000001': 339, '11111110': 17, '11111111': 328}","{'000000000': 17, '000000001': 380, '111111110': 18, '111111111': 386}","{'000000000': 27, '000000001': 327, '111111110': 18, '111111111': 341}","{'000000000': 33, '000000001': 305, '111111110': 25, '111111111': 296}","{'0000000000': 13, '0000000001': 419, '1111111110': 11, '1111111111': 338}","{'0000000000': 21, '0000000001': 299, '1111111110': 16, '1111111111': 351}","{'0000000000': 40, '0000000001': 253, '1111111110': 20, '1111111111': 268}","{'00000000000': 17, '00000000001': 368, '11111111110': 20, '11111111111': 368}","{'00000000000': 27, '00000000001': 244, '11111111110': 28, '11111111111': 299}","{'00000000000': 19, '00000000001': 216, '11111111110': 24, '11111111111': 196}","{'0000000000000000': 9, '0000000000000001': 303, '1111111111111110': 15, '1111111111111111': 275}","{'0000000000000000': 19, '0000000000000001': 222, '1111111111111110': 19, '1111111111111111': 199}","{'0000000000000000': 18, '0000000000000001': 139, '1111111111111110': 33, '1111111111111111': 131}","{'000000000000000000000': 28, '000000000000000000001': 221, '111111111111111111110': 16, '111111111111111111111': 187}","{'000000000000000000000': 21, '000000000000000000001': 133, '111111111111111111110': 17, '111111111111111111111': 93}","{'000000000000000000000': 10, '000000000000000000001': 61, '111111111111111111110': 10, '111111111111111111111': 47}"
set 92,"{'00000': 8, '00001': 503, '11110': 4, '11111': 434}","{'00000': 11, '00001': 481, '11110': 6, '11111': 428}","{'00000': 22, '00001': 431, '11110': 7, '11111': 439}","{'000000': 9, '000001': 477, '111110': 7, '111111': 420}","{'000000': 12, '000001': 447, '111110': 17, '111111': 402}","{'000000': 26, '000001': 424, '111110': 21, '111111': 389}","{'0000000': 12, '0000001': 419, '1111110': 23, '1111111': 405}","{'0000000': 50, '0000001': 383, '1111110': 18, '1111111': 368}","{'0000000': 28, '0000001': 364, '1111110': 27, '1111111': 360}","{'00000000': 12, '00000001': 410, '11111110': 17, '11111111': 377}","{'00000000': 19, '00000001': 353, '11111110': 28, '11111111': 360}","{'00000000': 19, '00000001': 319, '11111110': 22, '11111111': 329}","{'000000000': 12, '000000001': 389, '111111110': 12, '111111111': 416}","{'000000000': 14, '000000001': 339, '111111110': 15, '111111111': 354}","{'000000000': 27, '000000001': 304, '111111110': 48, '111111111': 274}","{'0000000000': 20, '0000000001': 420, '1111111110': 8, '1111111111': 365}","{'0000000000': 12, '0000000001': 356, '1111111110': 11, '1111111111': 321}","{'0000000000': 28, '0000000001': 291, '1111111110': 36, '1111111111': 286}","{'00000000000': 24, '00000000001': 376, '11111111110': 9, '11111111111': 341}","{'00000000000': 26, '00000000001': 310, '11111111110': 22, '11111111111': 267}","{'00000000000': 20, '00000000001': 222, '11111111110': 20, '11111111111': 152}","{'0000000000000000': 23, '0000000000000001': 320, '1111111111111110': 16, '1111111111111111': 250}","{'0000000000000000': 30, '0000000000000001': 217, '1111111111111110': 21, '1111111111111111': 202}","{'0000000000000000': 31, '0000000000000001': 138, '1111111111111110': 24, '1111111111111111': 128}","{'000000000000000000000': 19, '000000000000000000001': 201, '111111111111111111110': 11, '111111111111111111111': 190}","{'000000000000000000000': 24, '000000000000000000001': 114, '111111111111111111110': 13, '111111111111111111111': 89}","{'000000000000000000000': 13, '000000000000000000001': 60, '111111111111111111110': 8, '111111111111111111111': 43}"
set 93,"{'00000': 3, '00001': 465, '11110': 3, '11111': 472}","{'00000': 2, '00001': 418, '11110': 12, '11111': 457}","{'00000': 28, '00001': 441, '11110': 10, '11111': 416}","{'000000': 14, '000001': 425, '111110': 12, '111111': 464}","{'000000': 9, '000001': 427, '111110': 13, '111111': 439}","{'000000': 17, '000001': 386, '111110': 25, '111111': 427}","{'0000000': 26, '0000001': 441, '1111110': 21, '1111111': 400}","{'0000000': 25, '0000001': 393, '1111110': 18, '1111111': 390}","{'0000000': 44, '0000001': 346, '1111110': 34, '1111111': 342}","{'00000000': 11, '00000001': 405, '11111110': 13, '11111111': 381}","{'00000000': 26, '00000001': 307, '11111110': 19, '11111111': 352}","{'00000000': 26, '00000001': 344, '11111110': 17, '11111111': 325}","{'000000000': 15, '000000001': 386, '111111110': 7, '111111111': 389}","{'000000000': 28, '000000001': 344, '111111110': 21, '111111111': 337}","{'000000000': 29, '000000001': 307, '111111110': 29, '111111111': 285}","{'0000000000': 13, '0000000001': 389, '1111111110': 11, '1111111111': 401}","{'0000000000': 22, '0000000001': 327, '1111111110': 24, '1111111111': 285}","{'0000000000': 71, '0000000001': 246, '1111111110': 19, '1111111111': 276}","{'00000000000': 14, '00000000001': 374, '11111111110': 15, '11111111111': 356}","{'00000000000': 18, '00000000001': 301, '11111111110': 24, '11111111111': 273}","{'00000000000': 35, '00000000001': 207, '11111111110': 43, '11111111111': 173}","{'0000000000000000': 32, '0000000000000001': 294, '1111111111111110': 22, '1111111111111111': 272}","{'0000000000000000': 14, '0000000000000001': 190, '1111111111111110': 10, '1111111111111111': 158}","{'0000000000000000': 21, '0000000000000001': 132, '1111111111111110': 20, '1111111111111111': 145}","{'000000000000000000000': 21, '000000000000000000001': 212, '111111111111111111110': 17, '111111111111111111111': 182}","{'000000000000000000000': 22, '000000000000000000001': 91, '111111111111111111110': 15, '111111111111111111111': 97}","{'000000000000000000000': 8, '000000000000000000001': 37, '111111111111111111110': 7, '111111111111111111111': 50}"
set 94,"{'00000': 13, '00001': 462, '11110': 9, '11111': 462}","{'00000': 4, '00001': 470, '11110': 12, '11111': 428}","{'00000': 19, '00001': 418, '11110': 12, '11111': 437}","{'000000': 11, '000001': 452, '111110': 12, '111111': 449}","{'000000': 15, '000001': 441, '111110': 14, '111111': 432}","{'000000': 26, '000001': 398, '111110': 21, '111111': 399}","{'0000000': 18, '0000001': 419, '1111110': 20, '1111111': 423}","{'0000000': 30, '0000001': 382, '1111110': 31, '1111111': 378}","{'0000000': 49, '0000001': 329, '1111110': 28, '1111111': 313}","{'00000000': 7, '00000001': 425, '11111110': 9, '11111111': 375}","{'00000000': 31, '00000001': 350, '11111110': 23, '11111111': 321}","{'00000000': 18, '00000001': 323, '11111110': 25, '11111111': 293}","{'000000000': 19, '000000001': 405, '111111110': 12, '111111111': 387}","{'000000000': 23, '000000001': 375, '111111110': 10, '111111111': 326}","{'000000000': 24, '000000001': 284, '111111110': 13, '111111111': 304}","{'0000000000': 17, '0000000001': 391, '1111111110': 13, '1111111111': 373}","{'0000000000': 29, '0000000001': 306, '1111111110': 20, '1111111111': 294}","{'0000000000': 25, '0000000001': 278, '1111111110': 29, '1111111111': 277}","{'00000000000': 21, '00000000001': 336, '11111111110': 17, '11111111111': 363}","{'00000000000': 25, '00000000001': 297, '11111111110': 23, '11111111111': 310}","{'00000000000': 41, '00000000001': 211, '11111111110': 23, '11111111111': 176}","{'0000000000000000': 20, '0000000000000001': 307, '1111111111111110': 19, '1111111111111111': 270}","{'0000000000000000': 28, '0000000000000001': 206, '1111111111111110': 19, '1111111111111111': 190}","{'0000000000000000': 21, '0000000000000001': 112, '1111111111111110': 28, '1111111111111111': 111}","{'000000000000000000000': 17, '000000000000000000001': 212, '111111111111111111110': 17, '111111111111111111111': 181}","{'000000000000000000000': 26, '000000000000000000001': 118, '111111111111111111110': 13, '111111111111111111111': 104}","{'000000000000000000000': 16, '000000000000000000001': 39, '111111111111111111110': 13, '111111111111111111111': 35}"
set 95,"{'00000': 7, '00001': 469, '11110': 6, '11111': 474}","{'00000': 14, '00001': 435, '11110': 12, '11111': 450}","{'00000': 10, '00001': 461, '11110': 11, '11111': 410}","{'000000': 10, '000001': 434, '111110': 11, '111111': 462}","{'000000': 8, '000001': 404, '111110': 13, '111111': 462}","{'000000': 19, '000001': 410, '111110': 21, '111111': 404}","{'0000000': 24, '0000001': 386, '1111110': 22, '1111111': 424}","{'0000000': 43, '0000001': 417, '1111110': 18, '1111111': 364}","{'0000000': 29, '0000001': 348, '1111110': 26, '1111111': 326}","{'00000000': 24, '00000001': 399, '11111110': 18, '11111111': 404}","{'00000000': 27, '00000001': 368, '11111110': 23, '11111111': 333}","{'00000000': 18, '00000001': 316, '11111110': 27, '11111111': 308}","{'000000000': 13, '000000001': 424, '111111110': 8, '111111111': 357}","{'000000000': 21, '000000001': 366, '111111110': 20, '111111111': 307}","{'000000000': 19, '000000001': 290, '111111110': 19, '111111111': 283}","{'0000000000': 16, '0000000001': 392, '1111111110': 6, '1111111111': 370}","{'0000000000': 45, '0000000001': 269, '1111111110': 20, '1111111111': 308}","{'0000000000': 63, '0000000001': 253, '1111111110': 31, '1111111111': 268}","{'00000000000': 18, '00000000001': 378, '11111111110': 16, '11111111111': 338}","{'00000000000': 19, '00000000001': 284, '11111111110': 18, '11111111111': 284}","{'00000000000': 37, '00000000001': 241, '11111111110': 35, '11111111111': 228}","{'0000000000000000': 14, '0000000000000001': 329, '1111111111111110': 16, '1111111111111111': 255}","{'0000000000000000': 26, '0000000000000001': 201, '1111111111111110': 18, '1111111111111111': 183}","{'0000000000000000': 13, '0000000000000001': 97, '1111111111111110': 15, '1111111111111111': 125}","{'000000000000000000000': 26, '000000000000000000001': 190, '111111111111111111110': 17, '111111111111111111111': 186}","{'000000000000000000000': 22, '000000000000000000001': 127, '111111111111111111110': 24, '111111111111111111111': 91}","{'000000000000000000000': 12, '000000000000000000001': 35, '111111111111111111110': 11, '111111111111111111111': 41}"
set 96,"{'00000': 10, '00001': 471, '11110': 6, '11111': 463}","{'00000': 9, '00001': 438, '11110': 13, '11111': 461}","{'00000': 22, '00001': 421, '11110': 25, '11111': 435}","{'000000': 12, '000001': 462, '111110': 7, '111111': 446}","{'000000': 12, '000001': 430, '111110': 7, '111111': 446}","{'000000': 17, '000001': 419, '111110': 21, '111111': 406}","{'0000000': 23, '0000001': 412, '1111110': 15, '1111111': 427}","{'0000000': 47, '0000001': 380, '1111110': 21, '1111111': 385}","{'0000000': 62, '0000001': 302, '1111110': 17, '1111111': 366}","{'00000000': 15, '00000001': 371, '11111110': 13, '11111111': 410}","{'00000000': 25, '00000001': 341, '11111110': 21, '11111111': 330}","{'00000000': 27, '00000001': 309, '11111110': 22, '11111111': 300}","{'000000000': 9, '000000001': 419, '111111110': 17, '111111111': 358}","{'000000000': 16, '000000001': 358, '111111110': 21, '111111111': 337}","{'000000000': 17, '000000001': 312, '111111110': 13, '111111111': 302}","{'0000000000': 20, '0000000001': 382, '1111111110': 17, '1111111111': 397}","{'0000000000': 18, '0000000001': 350, '1111111110': 17, '1111111111': 318}","{'0000000000': 36, '0000000001': 283, '1111111110': 22, '1111111111': 273}","{'00000000000': 13, '00000000001': 358, '11111111110': 24, '11111111111': 359}","{'00000000000': 30, '00000000001': 308, '11111111110': 15, '11111111111': 257}","{'00000000000': 24, '00000000001': 184, '11111111110': 26, '11111111111': 196}","{'0000000000000000': 26, '0000000000000001': 265, '1111111111111110': 24, '1111111111111111': 262}","{'0000000000000000': 28, '0000000000000001': 204, '1111111111111110': 24, '1111111111111111': 204}","{'0000000000000000': 23, '0000000000000001': 148, '1111111111111110': 17, '1111111111111111': 130}","{'000000000000000000000': 23, '000000000000000000001': 198, '111111111111111111110': 24, '111111111111111111111': 188}","{'000000000000000000000': 23, '000000000000000000001': 124, '111111111111111111110': 16, '111111111111111111111': 80}","{'000000000000000000000': 11, '000000000000000000001': 41, '111111111111111111110': 2, '111111111111111111111': 51}"
set 97,"{'00000': 9, '00001': 466, '11110': 8, '11111': 459}","{'00000': 9, '00001': 426, '11110': 16, '11111': 461}","{'00000': 9, '00001': 413, '11110': 16, '11111': 455}","{'000000': 11, '000001': 450, '111110': 12, '111111': 443}","{'000000': 17, '000001': 414, '111110': 15, '111111': 415}","{'000000': 27, '000001': 406, '111110': 17, '111111': 390}","{'0000000': 19, '0000001': 420, '1111110': 9, '1111111': 415}","{'0000000': 25, '0000001': 365, '1111110': 23, '1111111': 394}","{'0000000': 30, '0000001': 344, '1111110': 20, '1111111': 351}","{'00000000': 17, '00000001': 413, '11111110': 9, '11111111': 390}","{'00000000': 25, '00000001': 376, '11111110': 23, '11111111': 331}","{'00000000': 36, '00000001': 293, '11111110': 29, '11111111': 295}","{'000000000': 11, '000000001': 424, '111111110': 12, '111111111': 369}","{'000000000': 16, '000000001': 341, '111111110': 18, '111111111': 343}","{'000000000': 25, '000000001': 309, '111111110': 15, '111111111': 315}","{'0000000000': 11, '0000000001': 394, '1111111110': 15, '1111111111': 363}","{'0000000000': 22, '0000000001': 343, '1111111110': 18, '1111111111': 314}","{'0000000000': 28, '0000000001': 296, '1111111110': 23, '1111111111': 266}","{'00000000000': 23, '00000000001': 326, '11111111110': 6, '11111111111': 367}","{'00000000000': 22, '00000000001': 298, '11111111110': 44, '11111111111': 280}","{'00000000000': 31, '00000000001': 194, '11111111110': 31, '11111111111': 195}","{'0000000000000000': 22, '0000000000000001': 288, '1111111111111110': 18, '1111111111111111': 283}","{'0000000000000000': 24, '0000000000000001': 192, '1111111111111110': 18, '1111111111111111': 167}","{'0000000000000000': 23, '0000000000000001': 169, '1111111111111110': 16, '1111111111111111': 119}","{'000000000000000000000': 21, '000000000000000000001': 231, '111111111111111111110': 18, '111111111111111111111': 170}","{'000000000000000000000': 16, '000000000000000000001': 102, '111111111111111111110': 10, '111111111111111111111': 85}","{'000000000000000000000': 24, '000000000000000000001': 54, '111111111111111111110': 15, '111111111111111111111': 51}"
set 98,"{'00000': 12, '00001': 448, '11110': 9, '11111': 468}","{'00000': 14, '00001': 457, '11110': 20, '11111': 437}","{'00000': 9, '00001': 428, '11110': 14, '11111': 444}","{'000000': 10, '000001': 452, '111110': 6, '111111': 449}","{'000000': 13, '000001': 481, '111110': 18, '111111': 386}","{'000000': 24, '000001': 403, '111110': 30, '111111': 394}","{'0000000': 37, '0000001': 407, '1111110': 21, '1111111': 409}","{'0000000': 38, '0000001': 362, '1111110': 22, '1111111': 392}","{'0000000': 63, '0000001': 288, '1111110': 23, '1111111': 366}","{'00000000': 13, '00000001': 416, '11111110': 8, '11111111': 411}","{'00000000': 23, '00000001': 383, '11111110': 17, '11111111': 320}","{'00000000': 18, '00000001': 318, '11111110': 20, '11111111': 315}","{'000000000': 17, '000000001': 431, '111111110': 14, '111111111': 368}","{'000000000': 19, '000000001': 351, '111111110': 16, '111111111': 332}","{'000000000': 10, '000000001': 308, '111111110': 20, '111111111': 312}","{'0000000000': 18, '0000000001': 383, '1111111110': 15, '1111111111': 375}","{'0000000000': 18, '0000000001': 338, '1111111110': 20, '1111111111': 301}","{'0000000000': 20, '0000000001': 306, '1111111110': 13, '1111111111': 267}","{'00000000000': 20, '00000000001': 377, '11111111110': 10, '11111111111': 338}","{'00000000000': 22, '00000000001': 285, '11111111110': 22, '11111111111': 276}","{'00000000000': 29, '00000000001': 253, '11111111110': 22, '11111111111': 195}","{'0000000000000000': 20, '0000000000000001': 307, '1111111111111110': 19, '1111111111111111': 271}","{'0000000000000000': 14, '0000000000000001': 216, '1111111111111110': 15, '1111111111111111': 178}","{'0000000000000000': 27, '0000000000000001': 92, '1111111111111110': 21, '1111111111111111': 106}","{'000000000000000000000': 22, '000000000000000000001': 224, '111111111111111111110': 11, '111111111111111111111': 187}","{'000000000000000000000': 21, '000000000000000000001': 118, '111111111111111111110': 9, '111111111111111111111': 109}","{'000000000000000000000': 17, '000000000000000000001': 43, '111111111111111111110': 9, '111111111111111111111': 44}"
set 99,"{'00000': 12, '00001': 455, '11110': 8, '11111': 476}","{'00000': 13, '00001': 444, '11110': 12, '11111': 451}","{'00000': 17, '00001': 463, '11110': 15, '11111': 398}","{'000000': 7, '000001': 478, '111110': 11, '111111': 424}","{'000000': 17, '000001': 477, '111110': 13, '111111': 399}","{'000000': 27, '000001': 398, '111110': 25, '111111': 419}","{'0000000': 21, '0000001': 425, '1111110': 18, '1111111': 419}","{'0000000': 26, '0000001': 400, '1111110': 18, '1111111': 377}","{'0000000': 21, '0000001': 345, '1111110': 23, '1111111': 354}","{'00000000': 17, '00000001': 399, '11111110': 14, '11111111': 411}","{'00000000': 19, '00000001': 366, '11111110': 22, '11111111': 331}","{'00000000': 31, '00000001': 360, '11111110': 32, '11111111': 274}","{'000000000': 10, '000000001': 404, '111111110': 11, '111111111': 391}","{'000000000': 12, '000000001': 347, '111111110': 17, '111111111': 357}","{'000000000': 22, '000000001': 297, '111111110': 17, '111111111': 280}","{'0000000000': 17, '0000000001': 391, '1111111110': 17, '1111111111': 367}","{'0000000000': 19, '0000000001': 295, '1111111110': 41, '1111111111': 287}","{'0000000000': 27, '0000000001': 260, '1111111110': 16, '1111111111': 286}","{'00000000000': 15, '00000000001': 336, '11111111110': 17, '11111111111': 377}","{'00000000000': 26, '00000000001': 291, '11111111110': 20, '11111111111': 281}","{'00000000000': 50, '00000000001': 230, '11111111110': 27, '11111111111': 252}","{'0000000000000000': 23, '0000000000000001': 295, '1111111111111110': 23, '1111111111111111': 250}","{'0000000000000000': 23, '0000000000000001': 181, '1111111111111110': 24, '1111111111111111': 199}","{'0000000000000000': 28, '0000000000000001': 94, '1111111111111110': 28, '1111111111111111': 116}","{'000000000000000000000': 19, '000000000000000000001': 216, '111111111111111111110': 19, '111111111111111111111': 182}","{'000000000000000000000': 24, '000000000000000000001': 101, '111111111111111111110': 15, '111111111111111111111': 95}","{'000000000000000000000': 9, '000000000000000000001': 42, '111111111111111111110': 10, '111111111111111111111': 38}"
